DATA.ELEMENT,COMPUTED.COLUMN.CODE,CONVERTED.FROM,DATA.TYPE,DATABASE.USAGE.TYPE,DEFAULT.DISPLAY.SECURE,DEFAULT.DISPLAY.SIZE,DEFAULT.INPUT.PROMPT,DEFAULT.SAMPLE.DATA,DEFAULT.ZERO.PAD,DERIVED.SEC.PTR,DT1,DT2,DT3,DT4,DT5,ELEMENT.ASSOC.NAME,ELEMENT.ASSOC.TYPE,ELEMENT.POINTED.FROM,ELEMENT.POINTED.TO,FIELD.PLACEMENT,INFORM.CONVERSION.STRING,INFORM.FORMAT.STRING,MAXIMUM.STORAGE.SIZE,PURPOSE,REPORT.HEADER,SOURCE,TRUNCATION.FLAG,VALIDATION.TABLE,TOOLCDD.ADD.DATE,TOOLCDD.ADD.OPERATOR,TOOLCDD.CHANGE.DATE,TOOLCDD.CHANGE.OPERATOR,DataDatetime
TEMPLATE_ENTRY_DATE,,,D,,,10,,,,,,,,,,ASSOCIATION_NAME,ASSOCIATION_TYPE,,,,,,,,,SOURCE,,,2020-06-01,CCDW,2020-06-01,CCDW,2020-06-01T00:00:00.000Z
TEMPLATE_ENTRY_MULTI_VALUED_TEXT,,,S,A,,50,,,,,,,,,,ASSOCIATION_NAME,ASSOCIATION_TYPE,,,,,,,,,SOURCE,,,2020-06-01,CCDW,2020-06-01,CCDW,2020-06-01T00:00:00.000Z
TEMPLATE_ENTRY_NUMERIC,,,,,,8,,,,,,2,,,,ASSOCIATION_NAME,ASSOCIATION_TYPE,,,,,,,,,SOURCE,,,2020-06-01,CCDW,2020-06-01,CCDW,2020-06-01T00:00:00.000Z
TEMPLATE_ENTRY_TEXT_KEY,,,,K,,1000,,,,,,,,,,ASSOCIATION_NAME,ASSOCIATION_TYPE,,,,,,,,,SOURCE,,,2020-06-01,CCDW,2020-06-01,CCDW,2020-06-01T00:00:00.000Z
TEMPLATE_ENTRY_TEXT,,,,,,1000,,,,,,,,,,ASSOCIATION_NAME,ASSOCIATION_TYPE,,,,,,,,,SOURCE,,,2020-06-01,CCDW,2020-06-01,CCDW,2020-06-01T00:00:00.000Z
TEMPLATE_ENTRY_TIME,,,T,,,10,,,,,,,,,,ASSOCIATION_NAME,ASSOCIATION_TYPE,,,,,,,,,SOURCE,,,2020-06-01,CCDW,2020-06-01,CCDW,2020-06-01T00:00:00.000Z
DataDatetime,,,DT,DT,,26,,,,,,,,,,,,,,,,,,,,SYS_CCDW,,,2020-06-01,CCDW,2020-06-01,CCDW,2020-06-01T00:00:00.000Z
Audit_Key,,,N,,,8,,,,,,,,,,,,,,,,,,,,SYS_CCDW,,,2020-06-01,CCDW,2020-06-01,CCDW,2020-06-01T00:00:00.000Z
EffectiveDatetime,,,DT,DT,,8,,,,,,,,,,,,,,,,,,,,SYS_CCDW,,,2020-06-01,CCDW,2020-06-01,CCDW,2020-06-01T00:00:00.000Z
ExpirationDatetime,,,DT,DT,,8,,,,,,,,,,,,,,,,,,,,SYS_CCDW,,,2020-06-01,CCDW,2020-06-01,CCDW,2020-06-01T00:00:00.000Z
CurrentFlag,,,,,,1,,,,,,,,,,,,,,,,,,,,SYS_CCDW,,,2020-06-01,CCDW,2020-06-01,CCDW,2020-06-01T00:00:00.000Z
#:DENY.ACCESS.EXCEPT.TO.CLASS,,,S,A,,8,,,,,,,,,,DENY_ACCESS,S,,,,,,,,,,,,2020-06-01,CCDW,2020-06-01,CCDW,2020-06-01T00:00:00.000Z
#:INQUIRY.ONLY.PROCESS.LIST,,,S,A,,8,,,,,,,,,,INQUIRY_ONLY,S,,,,,,,,,,,,2020-06-01,CCDW,2020-06-01,CCDW,2020-06-01T00:00:00.000Z
#:LIMITED.TO.PROCESS.LIST,,,S,A,,8,,,,,,,,,,LIMITED_TO,S,,,,,,,,,,,,2020-06-01,CCDW,2020-06-01,CCDW,2020-06-01T00:00:00.000Z
#:SA.AWARD.CATEGORY,"string[] xlResult1; , key xlKeyAwards for file Awards;, xlKeyAwards = vlSaAward; xlResult1 = vlAwCategory;, return xlResult1;",,,A,N,20,,,N,,,,,,,,,,,0,,20L,0,To retrieve the category associated with an SA.AWARD,Award Categroy,SA.ACYR,N,,2020-06-01,CCDW,2020-06-01,CCDW,2020-06-01T00:00:00.000Z
#:SYS.CLASS.DESCRIPTION,,,S,,,1200,,,,,,,,,,,,,,,,,,,,,,,2020-06-01,CCDW,2020-06-01,CCDW,2020-06-01T00:00:00.000Z
#:SYS.CLASS.ID,,,S,K,,30,,,,,,,,,,,,,,,,,,,,,,,2020-06-01,CCDW,2020-06-01,CCDW,2020-06-01T00:00:00.000Z
AC.DESC,,,D,D,,500,,,,,,,,,,,,,,,,,,,,,,,2020-06-01,CCDW,2020-06-01,CCDW,2020-06-01T00:00:00.000Z
ACAD.CAST.DATE,"string xResult1; , xResult1 = SAcadCastDate(vAcadCredentialsId);, return (date)((int)xResult1);",,D,I,N,8,,,N,,N,2,/,,,ACAD_CAST_DATE,D,,,0,D2/,8R,0,"Created for California MIS reporting. The CAST.SP extract, needs a data element to hold either the ACAD.DEGREE.DATE, or the first ACAD.CCD.DATE for use in the list specifications., * Premiere System Support * 09/29/2002 * Robert L Davis *, Replaced ""IF"" statement for compatibility with ORACLE",Award Date,ACAD.CREDENTIALS,N,,1997-07-28,BJC,,,2020-05-27T14:56:18.400Z
ACAD.CREDENTIALS.ID,,,,K,N,10,,,N,,,,,,,,,,,0,,1R,10,System-generated sequential key to file.,,ACAD.CREDENTIALS,N,,2020-06-01,CCDW,2020-06-01,CCDW,2020-06-01T00:00:00.000Z
ACAD.LEVEL.DESC,,,,I,N,25,,,N,,,,,,,,,,,0,,25L,0,Acad level description; used in search results for STUDENT.ACAD.LEVELS,Acad Level Description,XNC.HRPER,N,,2020-06-01,CCDW,2020-06-01,CCDW,2020-06-01T00:00:00.000Z
ACAD.PROGRAM.REQMTS.ID,,,,,,14,,,,,,,,,,,,,,,,,,,,ACAD_PROGRAM_REQMTS,,,2020-06-01,CCDW,2020-06-01,CCDW,2020-06-01T00:00:00.000Z
ACAD.TRANSCRIPT.ADDRESS,,,,L,,50,,,,,,,,,,,,,,32,,30L,30,,,,,,2020-06-01,CCDW,2020-06-01,CCDW,2020-06-01T00:00:00.000Z
ACPG.ACAD.LEVEL,,,,D,N,5,Acad Level,,N,ACAD.LEVELS.ID,,,,,,,,,,9,,35L,5,"The academic level associated with this program.  This, is the academic level that will be used for any, student in this program.  It defaults from the, department academic level, but can be changed.",Acad Level,ACAD.PROGRAMS,N,ACAD.LEVELS,2020-06-01,CCDW,2020-06-01,CCDW,2020-06-01T00:00:00.000Z
ACPG.CATALOGS,,,,Q,,500,,,,,,,,,,,,CAT.ACAD.PROGRAMS,CATALOGS.ID,3,,35L,5,,,,,,2020-06-01,CCDW,2020-06-01,CCDW,2020-06-01T00:00:00.000Z
ACPG.DEGREE,,,,D,N,5,Degree,,N,DEGREES.ID,,,,,,,,,,4,,35L,5,"Degree awarded for the successful completion of this, academic program.  This will be the degree assigned, to any student enrolled in this program.  This is not, kept on the student's record, so once a student has, been assigned to this academic program, the student, will receive whatever degree is attached to the, academic program when the student completes the, requirements.",Degree,ACAD.PROGRAMS,N,DEGREES,2020-06-01,CCDW,2020-06-01,CCDW,2020-06-01T00:00:00.000Z
ACPG.GRADE.SCHEME,,,,D,N,5,Grade Scheme,,N,GRADE.SCHEMES.ID,,,,,,,,,,28,,35L,5,"The grade scheme associated with this academic, program.  It is used to default to the academic, requirements for this program whenever minimum, grades are specified.",Grade Scheme,ACAD.PROGRAMS,N,GRADE.SCHEMES,2020-06-01,CCDW,2020-06-01,CCDW,2020-06-01T00:00:00.000Z
ACPG.LOCATIONS,,,,A,N,5,Locations,,N,LOCATIONS.ID,,,,,,,,,,16,,35L,5,"Locations at which this program is offered.  If, entered, then one of the locations must be assigned, to the students in the program.  Not otherwise used, by the system.",Locations,ACAD.PROGRAMS,N,LOCATIONS,2020-06-01,CCDW,2020-06-01,CCDW,2020-06-01T00:00:00.000Z
ACPG.STUDENT.SELECT.FLAG,,,,D,N,1,Student Selectable,,N,,,,,,,,,,,18,,3L,1,"Says whether or not this academic program can be, used by a person in evaluating an academic program, change.  Some academic programs may be set up as, templates or basic requirements, but not one is, to actually enroll in those.  For that type of, academic program, this field would be No., Regular programs that should be usable by, students would have this field set to Yes.",Student Select,ACAD.PROGRAMS,N,,2020-06-01,CCDW,2020-06-01,CCDW,2020-06-01T00:00:00.000Z
ACPG.TERM.LENGTH,,,N,D,N,2,Term Length,,N,,N,0,N,N,,,,,,73,MD0,3R,0,"This is the number of months in a typical term for this, program.  It is used as a default to FPST.TERM.LENGTH, where it can be changed as needed.","Term, Length",ACAD.PROGRAMS,N,,2020-06-01,CCDW,2020-06-01,CCDW,2020-06-01T00:00:00.000Z
ACPG.TYPES,,,,L,,50,,,,,,,,,,,,,,44,,30L,5,,,,,,2020-06-01,CCDW,2020-06-01,CCDW,2020-06-01T00:00:00.000Z
ACPR.ACAD.REQMTS,,,,Q,N,20,Requirement,,N,,,,,,,REQMTS,D,ACR.ACAD.PROGRAM.REQMTS,ACAD.REQMTS.ID,5,,20L,20,"Pointer to the academic requirements of this academic, program.  Used to access all the requirements of a, program for a specific catalog for Degree Audit purposes.",Requirements,ACAD.PROGRAM.REQMTS,N,,1995-02-14,BMA,2020-06-01,CCDW,2020-06-01T00:00:00.000Z
ACPR.PROGRAM.REVIEW,"string xResult1; , xResult1 = SGetReqmtText(""PROG.REVIEW"", vAcprAcadProgram, """", vAcprCatalog, """", """", ((string)65), """", """", """", """");, return xResult1;",,,I,,22500,,,N,,,,,,,,,,,0,,65L,0,"To display all the requirements of the program, *, * 1998 July 7  01:12pm  Ms. Gini Anne, *, Logical File Name changed from ACAD.PROGRAM.REQMTS to , ST.VIRTUAL.FIELDS to remove temporarily for Oracle, activity 18230",PROGRAM REVIEW,ST.OBSOLETE.FIELDS,,,2020-06-01,CCDW,2020-06-01,CCDW,2020-06-01T00:00:00.000Z
ACPR.OTHER.GRADES,,,,L,N,3,Other Grades,,N,GRADES.ID,,,,,,OTHGRDS,D,,,8,,3L,10,"Grades such as Audit or Pass whose grade value, falls below that of the minimum grade, but which will, be allowed anyway.  Used by Degree Audit to know if, an academic credit counts towards academic program, completion.",Other Grades,ACAD.PROGRAM.REQMTS,N,GRADES,1995-03-31,SMG,2020-06-01,CCDW,2020-06-01T00:00:00.000Z
ACR.ACAD.PROGRAM.REQMTS,,,,L,N,26,Acad Program Reqmts,,N,,,,,,,PGMRQMT,D,,,9,,26L,26,"List of IDs of the academic program requirement records, which include this requirement.",Acad Program Reqmts,ACAD.REQMTS,N,,1995-04-05,SMG,2020-06-01,CCDW,2020-06-01T00:00:00.000Z
ACR.COMMENTS,,,,C,N,250,Comments,,N,,,,,,,,,,,8,,65L,80,Free form text about this requirement.,Comments,ACAD.REQMTS,N,,2020-06-01,CCDW,2020-06-01,CCDW,2020-06-01T00:00:00.000Z
ACR.PRINTED.SPEC,,,,C,N,1000,,The 515 MATH course is a prerequisite for this course.,N,,,,,,,,,,,33,,60L,60,"The way that the prerequisite is to read when printed, or viewed on the web.",,ACAD.REQMTS,N,,2020-06-01,CCDW,2020-06-01,CCDW,2020-06-01T00:00:00.000Z
ACRB.FROM.COURSES,,,,L,N,15,,,N,,,,,,,FROM_COURSES,D,,,17,,15L,10,"The list of COURSES IDs referenced in the, ""FROM COURSES ..."" phrase",,ACAD.REQMT.BLOCKS,N,,1995-04-10,SMG,2020-06-01,CCDW,2020-06-01T00:00:00.000Z
ACRB.LABEL,,,,D,N,35,Label,FRESHM.CHEM,N,,,,,,,,,,,1,,20L,40,"The label is displayed on the evaluation report and during the , entry of exceptions in order to better identify the, subrequirement.",,ACAD.REQMT.BLOCKS,N,,2020-06-01,CCDW,2020-06-01,CCDW,2020-06-01T00:00:00.000Z
ACRB.SUBBLOCKS,,,,Q,N,10,Subrequirements,,N,ACAD.REQMT.BLOCKS.ID,,,,,,SUBBLKS,D,SUB.ACRB.PARENT.BLOCK,SUB.ACAD.REQMT.BLOCKS.ID,12,,10L,0,"This is a pointer to othe ACAD.REQMT.BLOCKS records, that make up the subblocks of a requirement., , If the block represents a Requirement, then the , subblocks represent subrequirements.   If the, block represents a subrequirement, then the , subblocks represent groups.",,ACAD.REQMT.BLOCKS,N,,1995-04-10,SMG,2020-06-01,CCDW,2020-06-01T00:00:00.000Z
ADDRESS.ID,,,,K,,25,,,,,,,,,,,,,,0,,10R,10,,,,,,2020-06-01,CCDW,2020-06-01,CCDW,2020-06-01T00:00:00.000Z
ADDRESS.LINES,,,,L,,5000,,,,,,,,,,,,,,5,,30L,30,,,,,,2020-06-01,CCDW,2020-06-01,CCDW,2020-06-01T00:00:00.000Z
ALL.POSPAY,,,,Q,N,10,Enter 'A' to add a new Pos/Pay Record,,N,POSPAY.ID,,,,,,ALL_POSPAY,D,POSPAY.POSITION.ID,POSPAY.ID,15,,10L,10,"The keys to all postion pay information records (POSPAY), file will be stored in this element",,POSITION,N,,1991-06-05,MKB,2020-06-01,CCDW,2020-06-01T00:00:00.000Z
AR.INVOICE.ITEMS.ADDOPR,,,,D,N,20,Added By,,N,,,,,,,,,,,17,,8L,15,Envision-maintained login of who added this record.,Added By,AR.INVOICE.ITEMS,N,,2020-06-01,CCDW,2020-06-01,CCDW,2020-06-01T00:00:00.000Z
AR.PAYMENT.ITEMS.ADDOPR,,,,D,N,10,Added By,,N,,,,,,,,,,,5,,8L,15,Envision-maintained login of who added this record.,Added By,AR.PAYMENT.ITEMS,N,,2020-06-01,CCDW,2020-06-01,CCDW,2020-06-01T00:00:00.000Z
AR.PAYMENT.ITEMS.CHGOPR,,,,D,N,10,Changed By,,N,,,,,,,,,,,7,,8L,15,Envision-maintained login of who last updated this rec.,Changed By,AR.PAYMENT.ITEMS,N,,2020-06-01,CCDW,2020-06-01,CCDW,2020-06-01T00:00:00.000Z
AR.PERSON.ID,,,,,,10,,,,,,,,,,,,,,,,,,,,AR.PAYMENT.ITEMS,,,2020-06-01,CCDW,2020-06-01,CCDW,2020-06-01T00:00:00.000Z
CALS.CS.NAME,"string xResult1; , key xKeyCourseSections for file CourseSections;, if (vCalsType == ""CS"") {,  xKeyCourseSections = vCalsPointer; xResult1 = vSecName;, } else {,  xResult1 = """";, }, return xResult1;",,,I,N,50,,,N,,,,,,,,,,,0,,21L,0,"Get the Course Section name for CALS.TYPE = ""CS""",Section Name,CALENDAR.SCHEDULES,N,,3/8/2000,PAS,2020-06-01,CCDW,2020-06-01T00:00:00.000Z
CIP.FORMER.CODES,,,,A,,100,,,,,,,,,,,,,,,,,,,,,,,2020-06-01,CCDW,2020-06-01,CCDW,2020-06-01T00:00:00.000Z
CIP.FORMER.YEAR,,,,A,,100,,,,,,,,,,,,,,,,,,,,,,,2020-06-01,CCDW,2020-06-01,CCDW,2020-06-01T00:00:00.000Z
CITY,,,,D,,200,,,,,,,,,,,,,,3,,25L,30,,,,,,2020-06-01,CCDW,2020-06-01,CCDW,2020-06-01T00:00:00.000Z
CNTY.DESC,,,,D,,1000,,,,,,,,,,,,,,1,,20L,20,,,,,,2020-06-01,CCDW,2020-06-01,CCDW,2020-06-01T00:00:00.000Z
COMPUTED.COLUMN.CODE,,,,H,,2500,Computed Column Code,,N,,,,,,,,,,,106,,72L,72,Stores the code of the computed column language,,TOOLCDD,,,2020-06-01,CCDW,2020-06-01,CCDW,2020-06-01T00:00:00.000Z
COUNTRY,,,,D,,50,,,,,,,,,,,,,,11,,20L,8,,,,,,2020-06-01,CCDW,2020-06-01,CCDW,2020-06-01T00:00:00.000Z
COUNTY,,,,D,,50,,,,,,,,,,,,,,10,,30L,15,,,,,,2020-06-01,CCDW,2020-06-01,CCDW,2020-06-01T00:00:00.000Z
COURSE.SEC.MEETING.ADDDATE,,,D,D,,20,,,,,,,,,,,,,,11,D2/,8R,0,,,,,,2020-06-01,CCDW,2020-06-01,CCDW,2020-06-01T00:00:00.000Z
CRS.COURSE.TYPES,,,,L,,250,,,,,,,,,,,,,,32,,30L,5,,,,,,2020-06-01,CCDW,2020-06-01,CCDW,2020-06-01T00:00:00.000Z
CRS.DESC,,,,C,,2500,,,,,,,,,,,,,,10,,50L,0,,,,,,2020-06-01,CCDW,2020-06-01,CCDW,2020-06-01T00:00:00.000Z
CRS.SCHOOLS,,,,I,,50,,,,,,,,,,,,,,0,,5L,0,,,,,,2020-06-01,CCDW,2020-06-01,CCDW,2020-06-01T00:00:00.000Z
CRS.TITLE,,,,T,,250,,,,,,,,,,,,,,1,,40L,0,,,,,,2020-06-01,CCDW,2020-06-01,CCDW,2020-06-01T00:00:00.000Z
CRSP.ACAD.PROGRAMS,,,,K,,20,Academic Programs,,N,ACAD.PROGRAMS.ID,,,,,,,,,,1,,20L,20,"Shows what academic programs reference this course in, their requirements.  References to this course can be, to include the course, or to take a number of courses, from a course list where this course is in the list., Displayed and used for reporting purposes, but this, field drives no processing.  It is not maintainable.",Acad Programs,COURSE.PROGRAMS,,ACAD.PROGRAMS,1995-02-15,BMA,2020-06-01,CCDW,2020-06-01T00:00:00.000Z
CRSP.CATALOGS,,,,K,,35,Catalogs,,N,CATALOGS.ID,,,,,,,,,,5,,35L,5,"This is the list of catalogs in which this course/, academic program combination is active., , Displayed and used for reporting purposes, but this, field drives no processing.  It is not maintainable.",Catalogs,COURSE.PROGRAMS,,CATALOGS,1995-10-30,SMG,2020-06-01,CCDW,2020-06-01T00:00:00.000Z
CS.AWARD,"string[] xlResult1; , key xKeySaAcyr for file SaAcyr;, xKeySaAcyr = vCsStudentId; xlResult1 = vlSaAward;, return xlResult1;",,,I,N,100,,,N,,,,,,,,,,,0,,10L,0,To virtualate the SA.AWARD field from SA.ACYR.,,CS.ACYR,N,,2020-06-01,CCDW,2020-06-01,CCDW,2020-06-01T00:00:00.000Z
CS.YEAR,"string xResult1; , xResult1 = File.Instance();, return xResult1;",,,K,N,4,,,N,,,,,,,,,,,0,,4L,0,The file suite year for the file.,,CS.ACYR,N,,2020-06-01,CCDW,2020-06-01,CCDW,2020-06-01T00:00:00.000Z
CTRY.DESC,,,,D,,500,,,,,,,,,,,,,,1,,20L,30,,,,,,2020-06-01,CCDW,2020-06-01,CCDW,2020-06-01T00:00:00.000Z
DEFAULT.SAMPLE.DATA,,,,D,,150,Sample Data,,,,,,,,,,,,,26,,60L,160,String to use as sample data in painters & previews,,TOOLCDD,,,2020-06-01,CCDW,2020-06-01,CCDW,2020-06-01T00:00:00.000Z
DENY.ACCESS.EXCEPT.TO.CLASS_PROCESS.DESCRIPTION,,,S,A,,500,,,,,,,,,,DENY_ACCESS,S,,,,,,,,,,,,2020-06-01,CCDW,2020-06-01,CCDW,2020-06-01T00:00:00.000Z
DENY.ACCESS.EXCEPT.TO.CLASS,,,,L,N,35,Privileged,,N,,,,,,,DENY_ACCESS,S,,,8,,35L,32,List of elements which can only be seen/altered by this clas,Privileged,SECLASS,N,,2020-06-01,CCDW,2020-06-01,CCDW,2020-06-01T00:00:00.000Z
DERIVED.SEC.PTR,,,,L,,65,,,,,,,,,,,,,,103,,30L,30,,,TOOLCDD,,,2020-06-01,CCDW,2020-06-01,CCDW,2020-06-01T00:00:00.000Z
DIV.DESC,,,,,,500,,,,,,,,,,,,,,,,,,,,,,,2020-06-01,CCDW,2020-06-01,CCDW,2020-06-01T00:00:00.000Z
ELEMENT.ASSOC.NAME,,,,D,,25,Association,,,,,,,,,,,,,27,,8L,28,Name of group of associated multivalues (when DBU type=A),,TOOLCDD,,,2020-06-01,CCDW,2020-06-01,CCDW,2020-06-01T00:00:00.000Z
ELEMENT.POINTED.FROM,,,,D,,32,Pointed to from Element,,,,,,,,,,,,,30,,28L,32,Name of a data element which points back to this element,,TOOLCDD,,,2020-06-01,CCDW,2020-06-01,CCDW,2020-06-01T00:00:00.000Z
ELEMENT.POINTED.TO,,,,D,,32,Points to Element,,,,,,,,,,,,,29,,28L,32,Name of the data element (KEY type) this X/Q element points,,TOOLCDD,,,2020-06-01,CCDW,2020-06-01,CCDW,2020-06-01T00:00:00.000Z
ELF.TRANSACTIONS.ADDOPR,,,,D,,12,Added By,,N,,,,,,,,,,,5,,8L,15,Envision-maintained login of who added this record.,Added By,ELF.TRANSACTIONS,,,2/14/1996,SMG,2020-06-01,CCDW,2020-06-01T00:00:00.000Z
ELF.TRANSACTIONS.CHGOPR,,,,D,,12,Changed By,,N,,,,,,,,,,,7,,8L,15,Envision-maintained login of who last updated this rec.,Changed By,ELF.TRANSACTIONS,,,2/14/1996,SMG,2020-06-01,CCDW,2020-06-01T00:00:00.000Z
ELF.TRANSLATE.TABLES.ADDOPR,"","","","D","","12","","","N","","","","","","","","","","","10","","8L","15","Envision-maintained login of who added this record.","Added By","ELF.TRANSLATE.TABLES","","","1995-10-17","SMG",2020-06-01,CCDW,2020-06-01T00:00:00.000Z
"ELF.TRANSLATE.TABLES.CHGOPR","","","","D","","12","","","N","","","","","","","","","","","12","","8L","15","Envision-maintained login of who last updated this rec.","Changed By","ELF.TRANSLATE.TABLES","","","1995-10-17","SMG",2020-06-01,CCDW,2020-06-01T00:00:00.000Z
ELFT.ACTION.CODES.1,,,,A,,10,Field 1,,N,,,,,,,ACTION_CODES,D,,,4,,10L,80,Contains special processing data,Field 1,ELF.TRANSLATE.TABLES,,,1992-09-09,STEVEN,,,2020-05-27T14:56:17.462Z
ELFT.ACTION.CODES.2,,,,A,,10,Field 2,,N,,,,,,,ACTION_CODES,D,,,5,,10L,80,Contains second special processing data,Field 2,ELF.TRANSLATE.TABLES,,,1992-09-09,STEVEN,,,2020-05-27T14:56:17.462Z
ELFT.ACTION.CODES.3,,,,A,,10,Field 3,,N,,,,,,,ACTION_CODES,D,,,6,,10L,80,Contains data for special processing,Field 3,ELF.TRANSLATE.TABLES,,,1992-09-09,STEVEN,,,2020-05-27T14:56:17.462Z
ELFT.ACTION.CODES.4,,,,A,,10,Field 4,,N,,,,,,,ACTION_CODES,D,,,7,,10L,80,Contains special processing field 4,Field 4,ELF.TRANSLATE.TABLES,,,1992-09-09,STEVEN,,,2020-05-27T14:56:17.478Z
ELFT.DESC,,,,D,,36,Description,,N,,,,,,,,,,,1,,30L,50,"Description of the translations.  Displayed but not, otherwise used except on resolution screens.",Description,ELF.TRANSLATE.TABLES,,,10/17/1995,SMG,2020-06-01,CCDW,2020-06-01T00:00:00.000Z
ELFT.NEW.CODES,,,,A,,20,New Code,1,N,,,,,,,ELFTBL,D,,,3,,20L,30,"Contains the value which the target field will have., This can be null in case an incoming value is not, to have any value in the target file.",New Codes,ELF.TRANSLATE.TABLES,,,1992-09-09,STEVEN,,,2020-05-27T14:56:16.868Z
ELFT.ORIG.CODES,,,,A,,20,Orig Code,M,N,,,,,,,ELFTBL,K,,,2,,20L,20,Contains list of original codes associated to new codes.,Orig Codes,ELF.TRANSLATE.TABLES,,,1992-09-09,STEVEN,,,2020-05-27T14:56:17.572Z
FA.TRANSMITTALS.ADDDATE,,,D,D,N,8,,,N,,,,,,,,,,,30,D2/,8R,0,Envision-maintained date this record was added to file.,,FA.TRANSMITTALS,N,,2020-06-01,CCDW,2020-06-01,CCDW,2020-06-01T00:00:00.000Z
FA.TRANSMITTALS.CHGDATE,,,D,D,N,8,,,N,,,,,,,,,,,32,D2/,8R,0,,,FA.TRANSMITTALS,N,,2020-06-01,CCDW,2020-06-01,CCDW,2020-06-01T00:00:00.000Z
FAC.DIVISIONS,"string[] xlResult1; , key xlKeyDepts for file Depts;, xlKeyDepts = vlFacDepts; xlResult1 = vlDeptsDivision;, return xlResult1;",,,I,N,5,,,N,,,,,,,DEPT.LOAD,D,,,0,,5L,0,Retrieve the division for each FAC.DEPTS.,Division,FACULTY,N,,6/23/1997,JOSH,2020-06-01,CCDW,2020-06-01T00:00:00.000Z
FAX.ELIG.RULES,,,,A,N,35,Eligibility Rules,,N,,,,,,,,,,,11,,35L,0,"Identifies the FA eligibility rules which were in, effect at the time the award was transmitted to AR.","Eligibility, Rules",FA.TRANSMITTALS,N,,2020-06-01,CCDW,2020-06-01,CCDW,2020-06-01T00:00:00.000Z
FAX.POSTING.ARP.DATE,"date[] xlResult1; , key xlKeyArPayments for file ArPayments;, xlKeyArPayments = vlFaxArPayments; xlResult1 = vlArpDate;, return xlResult1;",,D,A,N,8,,,N,,N,2,/,,,,,,,0,D2/,8R,0,"The date to be used when posting the FA.TRANSMITTALS, record to GL.  This is the date of any of the, AR.PAYMENTS records linked to the FA.TRANSMITTALS, record.",Posting Date,FA.TRANSMITTALS,N,,2020-06-01,CCDW,2020-06-01,CCDW,2020-06-01T00:00:00.000Z
FIRST.NAME,,,,D,,50,,,,,,,,,,,,,,3,,15L,30,,,,,,2020-06-01,CCDW,2020-06-01,CCDW,2020-06-01T00:00:00.000Z
FNDSRC.ADD.OPERATOR,,,,D,N,8,,,N,,,,,,,,,,,11,,6L,15,"To record the login Id of the analyst who orginally, entered the record.",,FNDSRC,N,,2020-06-01,CCDW,2020-06-01,CCDW,2020-06-01T00:00:00.000Z
FNDSRC.CHANGE.OPERATOR,,,,D,N,8,,,N,,,,,,,,,,,13,,6L,15,"To record the Login Id of the analyst who made the, most recent change to the record",,FNDSRC,N,,2020-06-01,CCDW,2020-06-01,CCDW,2020-06-01T00:00:00.000Z
FNDSRC.DESC.IDX,,,,L,N,35,,,N,,,,,,,,,,,15,,10L,30,"Stores the index values for the index association, FNDSRC.DESC.INDEX which stores the results of the subroutine, S.FNDSRC.INDEX",,FNDSRC,N,,2020-06-01,CCDW,2020-06-01,CCDW,2020-06-01T00:00:00.000Z
FPER.NATIVE.LANGUAGE,,,,,,5,,,,,,,,,,,,,,,,,,,,FOREIGN.PERSON,,,2020-06-01,CCDW,2020-06-01,CCDW,2020-06-01T00:00:00.000Z
FPER.OTHER.LANGUAGES,,,S,A,,5,,,,,,,,,,,,,,,,,,,,FOREIGN.PERSON,,,2020-06-01,CCDW,2020-06-01,CCDW,2020-06-01T00:00:00.000Z
FTE,,,N,,N,8,,,,,,4,,,,,,,,,,,,,,XCU.ICR,,,2020-06-01,CCDW,2020-06-01,CCDW,2020-06-01T00:00:00.000Z
HRP.ADR.CITY,"string xResult1; , key xKeyAddress for file Address;, xKeyAddress = vHrpPreferredAddress; xResult1 = vCity;, return xResult1;",,,I,N,50,,,N,,,,,,,,,,,0,,16L,0,ADDRESS city,,HRPER,N,,2020-06-01,CCDW,2020-06-01,CCDW,2020-06-01T00:00:00.000Z
HRP.ADR.LINES,"string[] xlResult1; , key xKeyAddress for file Address;, xKeyAddress = vHrpPreferredAddress; xlResult1 = vlAddressLines;, return xlResult1;",,,I,N,100,,,N,,,,,,,,,,,0,,30L,0,ADDRESS Address lines,,HRPER,N,,2020-06-01,CCDW,2020-06-01,CCDW,2020-06-01T00:00:00.000Z
HRP.LAST.PERIOD.PAID,,,D,A,N,8,Date Last Paid,,N,,N,2,/,,,,,,,151,D2/,8R,8,This is a list of dates last paid for an employee.,Date Last Paid,HRPER,N,,2020-06-01,CCDW,2020-06-01,CCDW,2020-06-01T00:00:00.000Z
HRP.PERSTAT.STATUS,"string[] xlResult1; , key xlKeyPerstat for file Perstat;, xlKeyPerstat = vlAllStatuses; xlResult1 = vlPerstatStatus;, return xlResult1;",,,I,N,250,,,N,,,,,,,,,,,0,,7L,0,get Employees status code from PERSTAT,,HRPER,N,,2020-06-01,CCDW,2020-06-01,CCDW,2020-06-01T00:00:00.000Z
HRP.PRI.DEPT.DESC,"string xResult1; , key xKeyDepts for file Depts;, xKeyDepts = vHrpPriDept; xResult1 = vDeptsDesc;, return xResult1;",,,I,N,50,,,N,,,,,,,,,,,0,,30L,0,"To retrieve the description of the department, associated with the primary position of the active, status",,HRPER,N,,2020-06-01,CCDW,2020-06-01,CCDW,2020-06-01T00:00:00.000Z
HRP.PRI.DEPT1,"string xResult1; , key xKeyPosition for file Position;, xKeyPosition = vHrpPriPos; xResult1 = vPosDept;, return xResult1;",,,I,N,5,,,N,,,,,,,,,,,0,,5L,5,"To retrieve the department associated with the, primary position of the active status., *",,HRPER,N,,2020-06-01,CCDW,2020-06-01,CCDW,2020-06-01T00:00:00.000Z
IFAF.P.AGI,,,N,D,N,10,AGI - Parent,49999,N,,N,2,N,N,,,,,,65,MD0,10R,8,This field is used to help calculate the income portion,"Parents, AGI",ISIR.FAFSA,N,,2020-06-01,CCDW,2020-06-01,CCDW,2020-06-01T00:00:00.000Z
IFAF.PRI.EFC,"int xResult1; , key xKeyIsirCalcResults for file IsirCalcResults;, xKeyIsirCalcResults = vIsirFafsaId; xResult1 = vIcresPriEfc;, return xResult1;",,N,D,N,10,,,N,,N,2,N,N,,,,,,0,MD0,8R,0,Primary EFC fro ISIR.CALC.RESULTS,Pri EFC,ISIR.FAFSA,N,,2020-06-01,CCDW,2020-06-01,CCDW,2020-06-01T00:00:00.000Z
IFAF.S.AGI,,,N,D,N,10,AGI - Student,2500,N,,N,2,N,N,,,,,,26,MD0,10R,8,Student's Adjusted Gross Income from IRS form,"Student, AGI",ISIR.FAFSA,N,,2020-06-01,CCDW,2020-06-01,CCDW,2020-06-01T00:00:00.000Z
INFORM.CONVERSION.STRING,,,,D,,15,Conversion,"MD02,$",,,,,,,,,,,,8,,10L,14,String to be used on this element by BASIC and INFORM,I/OCONV,TOOLCDD,,,2020-06-01,CCDW,2020-06-01,CCDW,2020-06-01T00:00:00.000Z
INQUIRY.ONLY.PROCESS.LIST_PROCESS.DESCRIPTION,,,S,A,,500,,,,,,,,,,INQUIRY_ONLY,S,,,,,,,,,,,,2020-06-01,CCDW,2020-06-01,CCDW,2020-06-01T00:00:00.000Z
INQUIRY.ONLY.PROCESS.LIST,,,,L,N,6,Inquiry Only,,N,,,,,,,INQUIRY_ONLY,S,,,3,,6L,32,List of processes for which input is iqnored for this class,Inquiry Only,SECLASS,N,,2020-06-01,CCDW,2020-06-01,CCDW,2020-06-01T00:00:00.000Z
INSTA.ACAD.CREDENTIALS,,,,Q,,100,,,,,,,,,,,,,ACAD.CREDENTIALS.ID,16,,7R,10,,,,,,2020-06-01,CCDW,2020-06-01,CCDW,2020-06-01T00:00:00.000Z
"INSTA.EXT.GPA","","","N","D","N","10","External GPA","2.345","N","","N","3","N","N","","","","","","10","MD3","7R","6","Contains an external GPA.  If you have ACAD.CREDENTIALS, for this INSTITUTIONS.ATTEND record then this field, shouldn't be used.  The GPA would be recorded with the, Credentials.  This field is mainly used to record High, School GPA.","External, GPA","INSTITUTIONS.ATTEND","N","","1995-06-08","STEVEN",2020-06-01,CCDW,2020-06-01T00:00:00.000Z
INVI.DESC,,,,T,N,200,Description,,N,,,,,,,,,,,1,,30L,80,"Description of the invoice item.  Defaults from AR, code description, but can be changed.  Displays on, item lists and resolution screens.",Description,AR.INVOICE.ITEMS,N,,2020-06-01,CCDW,2020-06-01,CCDW,2020-06-01T00:00:00.000Z
INVI.EXT.CR.AMT,,,N,A,N,12,Credit Amt,,N,,Y,2,N,N,,,,,,8,"MD2,",12R,0,"This is the quantity times the credit amount.  The, extended amount is the amount by which an AR account, balance is reduced.",Ext Credit Amt,AR.INVOICE.ITEMS,N,,2020-06-01,CCDW,2020-06-01,CCDW,2020-06-01T00:00:00.000Z
LAST.NAME,,,,D,,250,,,,,,,,,,,,,,1,,25L,57,,,,,,2020-06-01,CCDW,2020-06-01,CCDW,2020-06-01T00:00:00.000Z
LIMITED.TO.PROCESS.LIST_PROCESS.DESCRIPTION,,,S,A,,500,,,,,,,,,,LIMITED_TO,S,,,,,,,,,,,,2020-06-01,CCDW,2020-06-01,CCDW,2020-06-01T00:00:00.000Z
LIMITED.TO.PROCESS.LIST,,,,L,N,12,Do Only These,,N,,,,,,,LIMITED_TO,S,,,9,,12L,32,List of processes which this class is limited to.,Do Only These,SECLASS,N,,2020-06-01,CCDW,2020-06-01,CCDW,2020-06-01T00:00:00.000Z
MIDDLE.NAME,,,,D,,50,,,,,,,,,,,,,,4,,15L,30,,,,,,2020-06-01,CCDW,2020-06-01,CCDW,2020-06-01T00:00:00.000Z
N99.STU.SEC.ATTEND.ADDDATE,,,,D,N,10,,,N,,,,,,,,,,,17,D2/,8R,0,,,N99.STU.SEC.ATTEND,N,,2020-06-01,CCDW,2020-06-01,CCDW,2020-06-01T00:00:00.000Z
N99SA.ALL.FACULTY,"string[] xlResult;, key xKeyCourseSections for file CourseSections;, key xKeyCourseSecFaculty for file CourseSecFaculty;, xKeyCourseSections = vN99saCourseSection;, xKeyCourseSecFaculty = vlSecFaculty;, xlResult = vlCsfFaculty;, return xlResult;",,,A,N,10,,,N,,,,,,,,,,,0,,10L,0,,All Faculty,N99.STU.SEC.ATTEND,N,,2020-06-01,CCDW,2020-06-01,CCDW,2020-06-01T00:00:00.000Z
N99SA.ATTEND.DATE,,,,D,N,10,,,N,,,,,,,,,,,6,D2/,8R,0,,Attend Date,N99.STU.SEC.ATTEND,N,,2020-06-01,CCDW,2020-06-01,CCDW,2020-06-01T00:00:00.000Z
NCRS.CAT.DESC.CC,,,,I,,500,,,,,,,,,,,,,,0,,10L,0,,,,,,2020-06-01,CCDW,2020-06-01,CCDW,2020-06-01T00:00:00.000Z
NCRS.COURSE.EQUIVS,,,,Q,,30,,,,,,,,,,,,CEQ.NON.COURSE,COURSE.EQUIVS.ID,13,,10L,10,,,,,,2020-06-01,CCDW,2020-06-01,CCDW,2020-06-01T00:00:00.000Z
NCRS.DESC,,,,T,N,500,Description,,N,,,,,,,,,,,2,,50L,80,"Long description of non-course entry.  Displayed but, not otherwise used by the system.",Description,NON.COURSES,N,,2/7/1995,SSS,2020-06-01,CCDW,2020-06-01T00:00:00.000Z
OE.FIRST.NAME,,,,,,25,,,,,,,,,,,,,,,,,,,,,,,2020-06-01,CCDW,2020-06-01,CCDW,2020-06-01T00:00:00.000Z
OE.MIDDLE.NAME,,,,,,25,,,,,,,,,,,,,,,,,,,,,,,2020-06-01,CCDW,2020-06-01,CCDW,2020-06-01T00:00:00.000Z
OEE.USERNAME,,,,,,50,,,,,,,,,,,,,,,,,,,,,,,2020-06-01,CCDW,2020-06-01,CCDW,2020-06-01T00:00:00.000Z
PER.RACES,,,,L,,25,,,,,,,,,,,,,,232,,10L,10,,,,,,2020-06-01,CCDW,2020-06-01,CCDW,2020-06-01T00:00:00.000Z
PERPOS.ADD.OPERATOR,,,,D,N,8,,,N,,,,,,,,,,,11,,6L,15,MIO Add/Change Date/Operator stamp support,,PERPOS,N,,2020-06-01,CCDW,2020-06-01,CCDW,2020-06-01T00:00:00.000Z
PERPOS.CHANGE.OPERATOR,,,,D,N,8,,,N,,,,,,,,,,,13,,6L,15,MIO Add/Change Date/Operator stamp support,,PERPOS,N,,2020-06-01,CCDW,2020-06-01,CCDW,2020-06-01T00:00:00.000Z
PERPOS.LAST.PAY.PERIOD.WORK,,,,D,N,10,,1/1/1997,N,,,,,,,,,,,51,D2/,8R,0,"This date will be used by the Personnel office to find, those employees who have not been paid within a period, of time and need to have their employment in this, position reviewed.",,PERPOS,N,,2020-06-01,CCDW,2020-06-01,CCDW,2020-06-01T00:00:00.000Z
PERPOSWG.ADD.OPERATOR,,,,D,N,8,,,N,,,,,,,,,,,48,,3L,15,To record the login Id of the orginal analyst,,PERPOSWG,N,,2020-06-01,CCDW,2020-06-01,CCDW,2020-06-01T00:00:00.000Z
PERPOSWG.CHANGE.OPERATOR,,,,D,N,8,,,N,,,,,,,,,,,50,,6L,15,"To record the Login Id of the Analyst who made the last, change.",,PERPOSWG,N,,2020-06-01,CCDW,2020-06-01,CCDW,2020-06-01T00:00:00.000Z
PERSON.INSTITUTIONS.ATTEND,,,,Q,N,7,Institutions Attended,0000135,N,,,,,,,INSTITUTIONS_ATTEND,D,,INSTITUTIONS.ID,197,,7L,10,"Points to the Institutions Attended file, via person.id*institutions.id","Institutions, Attended",PERSON,N,,1995-03-27,RCL,2020-06-01,CCDW,2020-06-01T00:00:00.000Z
PERSTAT.ADD.OPERATOR,,,,D,N,8,,,N,,,,,,,,,,,11,,6L,15,MIO Add/Change Date/Operator stamp support,,PERSTAT,N,,6/3/1991,MKB,2020-06-01,CCDW,2020-06-01T00:00:00.000Z
PERSTAT.CHANGE.OPERATOR,,,,D,N,8,,,N,,,,,,,,,,,13,,6L,15,MIO Add/Change Date/Operator stamp support,,PERSTAT,N,,6/3/1991,MKB,2020-06-01,CCDW,2020-06-01T00:00:00.000Z
PERSTAT.PRIMARY.PERPOS.ID,,,,X,N,14,,,N,,,,,,,,,,PERPOS.ID,22,,10L,10,,,PERSTAT,N,,2/8/1993,DBG,2020-06-01,CCDW,2020-06-01T00:00:00.000Z
PERSTAT.PRIMARY.POS.ID,,,,,,14,,,,,,,,,,,,,,,,,,,,PERSTAT,,,2020-06-01,CCDW,2020-06-01,CCDW,2020-06-01T00:00:00.000Z
PLP.PAC.LP.ASGMTS.IDS,,,,Q,,10,Contracted Assignment IDs,,N,,,,,,,ASGMTS_IDS,D,,PAC.LP.ASGMTS.ID,27,,10L,10,"Full return link of all assignment records associated to this load, period (PAC.LP.ASGMTS.ID)., There are 3 related fields that are considered subsets of this list, for each assignment type., A list of pointers is also maintained in the PAC.LP.POSITIONS file, for each assignment., An assignment cannot be added to an assignment contract without, an association to a PAC.LP.POSITIONS record.","PAC LP, ASGMTS",PAC.LOAD.PERIODS,,,1997-09-17,PS4,2020-06-01,CCDW,2020-06-01T00:00:00.000Z
POS.CLASS.DESC.CC,"string xResult;, xResult = SValcodeDesc(""HR"",vPosClass,""CLASSIFICATIONS"");, return xResult;",,,I,N,60,,,N,,,,,,,,,,,0,,10L,0,Retrieve the description for POS.CLASS,,POSITION,N,,2020-06-01,CCDW,2020-06-01,CCDW,2020-06-01T00:00:00.000Z
POS.DEPT.DESC.CC,"string xResult;, key xDeptsId for file Depts;, xDeptsId = vPosDept;, xResult = vDeptsDesc;, return xResult;",,,I,N,60,,,N,,,,,,,,,,,0,,10L,0,Retrieve the description for POS.DEPT,,POSITION,N,,2020-06-01,CCDW,2020-06-01,CCDW,2020-06-01T00:00:00.000Z
POS.DEPT,,,,X,N,8,Department,BIOL,N,DEPTS.ID,,,,,,,,,DEPTS.ID,21,,5L,10,"To identify the department which the position is part of., This field is used extensively as a sort and break option, for reports",Dept,POSITION,N,,2020-06-01,CCDW,2020-06-01,CCDW,2020-06-01T00:00:00.000Z
POS.DIVISION,"string xResult1; , key xKeyDepts for file Depts;, xKeyDepts = vPosDept; xResult1 = vDeptsDivision;, return xResult1;",,,I,N,5,,,N,,,,,,,,,,,0,,3L,0,Translate the division from POS.DEPT,Div,POSITION,N,,2020-06-01,CCDW,2020-06-01,CCDW,2020-06-01T00:00:00.000Z
POS.PRIMARY.POSPAY.GL,"string[] xlResult1; , key xlKeyPospay for file Pospay;, xlKeyPospay = vlAllPospay; xlResult1 = vlPospayFndgGlNo;, return xlResult1;",,,I,N,15,,,N,,,,,,,POS_PRIMARY_POSPAY_GL,D,,,0,,15L,0,"To retrieve the GL # for the Primary POSPAY for, POSD resolution",POSPAY GL no.,POSITION,N,,1997-06-02,KLINE1,2020-06-01,CCDW,2020-06-01T00:00:00.000Z
POS.SHORT.TITLE,,,,D,N,30,Short Title,Department Chair,N,,,,,,,,,,,10,,28L,30,"To provide an abbreviated title for the position to be, used on screen headers and reports.",,POSITION,N,,2020-06-01,CCDW,2020-06-01,CCDW,2020-06-01T00:00:00.000Z
POS.TITLE,,,,D,N,100,Title,Department Chair,N,,,,,,,,,,,1,,60L,60,"To document the title of the position.  This is a free, form field.",,POSITION,N,,2020-06-01,CCDW,2020-06-01,CCDW,2020-06-01T00:00:00.000Z
POS.UC.TITLE,"string xResult1; , xResult1 = (vPosTitle).ToUppercase();, return (string)xResult1;",,,I,N,100,,,N,,,,,,,,,,,0,,60L,0,Position Title in all Upper Case. Used in LookUp.,,POSITION,N,,2020-06-01,CCDW,2020-06-01,CCDW,2020-06-01T00:00:00.000Z
POSPAY.ADD.OPERATOR,,,,D,N,8,,,N,,,,,,,,,,,11,,6L,15,MIO Add/Change Operator/Date Stamp Support,,POSPAY,N,,2020-06-01,CCDW,2020-06-01,CCDW,2020-06-01T00:00:00.000Z
POSPAY.CHANGE.OPERATOR,,,,D,N,8,,,N,,,,,,,,,,,13,,6L,15,MIO Add/Change Date/Operator stamp supprot,,POSPAY,N,,2020-06-01,CCDW,2020-06-01,CCDW,2020-06-01T00:00:00.000Z
POSPAY.POSITION.ID,,,,X,N,14,,,N,POSITION.ID,,,,,,,,,POSITION.ID,27,,4L,14,MIO RLM,"Pospay, Position ID",POSPAY,N,,2020-06-01,CCDW,2020-06-01,CCDW,2020-06-01T00:00:00.000Z
PPLP.PPWG.GRADE,,,,D,N,8,Grade,9,N,,,,,,,,,,,10,,8L,10,"To document the position grade of the employee in the, position.",Grade,PAC_LP_POSITIONS,N,,2020-06-01,CCDW,2020-06-01,CCDW,2020-06-01T00:00:00.000Z
PPLP.PPWG.STEP,,,,D,N,8,Step,4,N,,,,,,,,,,,11,,8L,10,"To document the position step of the employee in the, position.",Step,PAC_LP_POSITIONS,N,,2020-06-01,CCDW,2020-06-01,CCDW,2020-06-01T00:00:00.000Z
PPWG.WORK.UNIT.RATE,,,N,D,N,9,Work Unit Rate,127500,N,,N,4,N,N,,,,,,56,MD4,8R,9,The employees work time unit rate.,,PERPOSWG,N,,2020-06-01,CCDW,2020-06-01,CCDW,2020-06-01T00:00:00.000Z
PST.STUDENT.NON.COURSES,,,,A,,8000,Non-Course,,N,STUDENT.NON.COURSES.ID,,,,,,,,STNC.PERSON.ID,STUDENT.NON.COURSES.ID,10,,10L,10,"List of IDs of the STUDENT.NON.COURSES records for, this person.  Used to get a summary view of all of, a person's non-course work (in AMS022).",Non-Courses,PERSON.ST,N,,2020-06-01,CCDW,2020-06-01,CCDW,2020-06-01T00:00:00.000Z
PTD.LV.TKN.EARN.TYPES,"string xResult1; , xResult1 = SParseAssocField((vlPtdLvTknController).ToDelimitedString((253).Char()), ""*"", ""2"", ""1"");, return xResult1.ToArray((253).Char());",,,A,N,4,,,N,,,,,,,PTDLVTKN,I,,,0,,4L,0,"To extract the earnings type from the, PTD.LV.TKN.CONTROLLER from PTDLVTKN association.",Leave Taken Earnings Type,PAYTODAT,N,,2020-06-01,CCDW,2020-06-01,CCDW,2020-06-01T00:00:00.000Z
PTD.LV.TKN.LEAVE.CODES,"string xResult1; , xResult1 = SParseAssocField((vlPtdLvTknController).ToDelimitedString((253).Char()), ""*"", ""1"", ""1"");, return xResult1.ToArray((253).Char());",,,A,N,4,,,N,,,,,,,PTDLVTKN,I,,,0,,4L,0,"To extract the leave code from the controller of the, leave taken association (PTDLVTKN).",Leave Taken Leave Code,PAYTODAT,N,,2020-06-01,CCDW,2020-06-01,CCDW,2020-06-01T00:00:00.000Z
PURPOSE,,,,C,,6300,Purpose,Brief description of a data element's use/purpose.,N,,,,,,,,,,,10,,59L,80,Brief description of a data element's use/purpose,,TOOLCDD,N,,2020-06-01,CCDW,2020-06-01,CCDW,2020-06-01T00:00:00.000Z
REM INVI.CHARGE.AMT,,,,D,N,12,Unit Charge,,N,,Y,2,N,N,,,,,,5,"MD2,",12R,0,"The charge amount of the invoice item.   This times, the quantity will determine the extended charge, amount.",Charge Amt,AR.INVOICE.ITEMS,N,,2020-06-01,CCDW,2020-06-01,CCDW,2020-06-01T00:00:00.000Z
REPORT.HEADER,,,,T,,150,Report Header,,,,,,,,,,,,,9,,50L,0,A string to be used in reports (if different from field name,,TOOLCDD,,,2020-06-01,CCDW,2020-06-01,CCDW,2020-06-01T00:00:00.000Z
REQMT.DESCRIPTION,"string xResult1; , xResult1 = SGetBlockDescTbl(vAcrTopReqmtBlock, """", """", ((string)0), ((string)60), """", """", """", """", """", """", """", """");, return xResult1.ToArray((253).Char());",,,I,,2500,,,,,,,,,,,,,,0,,60L,0,"Description of the requirement, focusing on what the, student needs to do., , 3/12/99 3:12:54 PM Jonathan Morgan - SOCR 25993, This field is now Unidata only because its subroutine, can't gen in PL/SQL (for Oracle) and it is not used, anywhere other than in queries.  Do not use this virtual, field in screens or in Envision (or in Oracle for that, matter).",Description,ST.OBSOLETE.FIELDS,,,2020-06-01,CCDW,2020-06-01,CCDW,2020-06-01T00:00:00.000Z
RESIDENTS,,,,A,,50,,,,,,,,,,,,,ID,12,,10L,10,,,,,,2020-06-01,CCDW,2020-06-01,CCDW,2020-06-01T00:00:00.000Z
RT.FIELDS.ADD.OPERATOR,,,,D,N,20,Add Operator,STEVEN,N,,,,,,,,,,,50,,10L,15,,,RT.FIELDS,N,,4/23/1995,STEVEN,2020-06-01,CCDW,2020-06-01T00:00:00.000Z
RT.FIELDS.CHANGE.OPERATOR,,,,D,N,20,Change By,AUS,N,,,,,,,,,,,52,,10L,15,,,RT.FIELDS,N,,4/23/1995,STEVEN,2020-06-01,CCDW,2020-06-01T00:00:00.000Z
RT.FIELDS.ID,,,,K,N,33,Data Element Name,LAST.NAME,N,,,,,,,,,,,0,,28L,33,"Contains the Key to the RT.FIELDS file which represents, a single data element in the Run-Time CDD",Data Element Name,RT.FIELDS,N,,4/23/1995,STEVEN,2020-06-01,CCDW,2020-06-01T00:00:00.000Z
RTFLDS.ALT.DICT.NAME,,,,D,N,33,Dictionary Name,LAST.NAME,N,,,,,,,,,,,3,,28L,33,Contains name of record written to dictionary.,Dictionary Name,RT.FIELDS,N,,4/23/1995,STEVEN,2020-06-01,CCDW,2020-06-01T00:00:00.000Z
RTFLDS.ASSOCIATION,,,,X,N,25,Association Name,,N,,,,,,,,,RTA.FIELDS,RT.FIELD.ASSOCS.ID,13,,20L,32,"Contains an association name for the Uniquery, dictionary.",Association Name,RT.FIELDS,N,,4/23/1995,STEVEN,2020-06-01,CCDW,2020-06-01T00:00:00.000Z
RTFLDS.CONVERSION,,,,D,N,13,Conversion String,,N,,,,,,,,,,,20,,10L,15,Contains conversion string for external data.,Conv,RT.FIELDS,N,,4/23/1995,STEVEN,2020-06-01,CCDW,2020-06-01T00:00:00.000Z
RTFLDS.DEFAULT.PROMPT,,,,D,N,60,Input Prompt,Last Name,N,,,,,,,,,,,34,,50L,80,"Contains the prompt text to use or display for default, entry.",Default Input Prompt,RT.FIELDS,N,,6/21/1995,STEVEN,2020-06-01,CCDW,2020-06-01T00:00:00.000Z
RTFLDS.READ.ICONV,,,,D,N,20,Internal Conv,D4/,N,,,,,,,,,,,54,,10L,32,"This field is used when the data is stored on the , file in external form, but needs to be converted to, internal form for processing., , Defines the ICONV conversion to be performed on the , data after it is  read from the file.  This same , string is used to do an OCONV on the data just , before it is written to the file.",Read Conv,RT.FIELDS,N,,4/19/1996,JGV,2020-06-01,CCDW,2020-06-01T00:00:00.000Z
RTFLDS.READ.REMOVE.CHARS,,,,D,N,41,Read Remove,";.,:",N,,,,,,,,,,,55,,15L,50,"All characters in this string will be stripped from, the data after the data is read from the file.",Read Remove,RT.FIELDS,N,,4/19/1996,JGV,2020-06-01,CCDW,2020-06-01T00:00:00.000Z
RTFLDS.VALIDATION.FILE,,,,D,N,27,Validation File,,N,,,,,,,,,,,15,,25L,32,Contains a validation file name used for translation.,Validation File,RT.FIELDS,N,,4/23/1995,STEVEN,2020-06-01,CCDW,2020-06-01T00:00:00.000Z
RULES.ADD.OPERATOR,,,,D,,9,,PS5,,,,,,,,,,,,2,,8L,15,Creator of the RULES record.,,RULES,,,7/1/1994,PS5,2020-06-01,CCDW,2020-06-01T00:00:00.000Z
RULES.ID,,,,K,N,10,Rules ID,RULECHK,N,,,,,,,,,,,0,,8L,10,Key to the RULES record.,Rules ID,RULES,N,,7/1/1994,PS5,2020-06-01,CCDW,2020-06-01T00:00:00.000Z
SA.YEAR, string xResult1; xResult1 = File.Instance();  return xResult1;,,,K,N,4,Year,91,N,,,,,,,,,,,0,,4L,0,This is the year of the file,SA.YEAR,SA.ACYR,N,,2020-06-01,CCDW,2020-06-01,CCDW,2020-06-01T00:00:00.000Z
SAPR.ACADEMIC.TERMS,,,,L,N,7,Academic Terms,,N,TERMS.ID,,,,,,SAP_ACADEMIC_TERM,D,,,57,,7L,7,"This is a list of the academic terms that the STUDENT.ACAD.CRED , records were associated to that are included in this SAP calculation.","Acad, Terms",SAP.RESULTS,N,TERMS,3/17/1997,PS4,2020-06-01,CCDW,2020-06-01T00:00:00.000Z
SCHOOLS.ADD.OPERATOR,,,,,,10,,,,,,,,,,,,,,,,,,,,,,,2020-06-01,CCDW,2020-06-01,CCDW,2020-06-01T00:00:00.000Z
SCHOOLS.CHANGE.OPERATOR,,,,,,10,,,,,,,,,,,,,,,,,,,,,,,2020-06-01,CCDW,2020-06-01,CCDW,2020-06-01T00:00:00.000Z
SCHOOLS.DEPTS,,,,,,100,,,,,,,,,,,,,,,,,,,,,,,2020-06-01,CCDW,2020-06-01,CCDW,2020-06-01T00:00:00.000Z
SCHOOLS.DESC,,,,D,,500,,,,,,,,,,,,,,1,,30L,30,,,,,,2020-06-01,CCDW,2020-06-01,CCDW,2020-06-01T00:00:00.000Z
SCHOOLS.DIVISIONS,,,,,,100,,,,,,,,,,,,,,,,,,,,,,,2020-06-01,CCDW,2020-06-01,CCDW,2020-06-01T00:00:00.000Z
SCHOOLS.ID,,,,K,,10,,,,,,,,,,,,,,,,,,,,,,,2020-06-01,CCDW,2020-06-01,CCDW,2020-06-01T00:00:00.000Z
SEC.CENSUS.DATES,"string xResult1; , xResult1 = SGetSecCensusDates(vCourseSectionsId);, return (date)((int)xResult1.ToArray((253).Char()));",,,A,,8000,,,N,,N,2,/,,,,,,,0,D2/,8R,0,"Returns the census dates by checking the section,, then TERMS.LOCATIONS then TERMS to get the date., Provided for query purposes, but not otherwise used by, the system.",Census Dates,COURSE.SECTIONS,N,,2020-06-01,CCDW,2020-06-01,CCDW,2020-06-01T00:00:00.000Z
SEC.FACULTY,,?,,Q,,500,,,,,,,,,,SEC_FACULTY,D,CSF.COURSE.SECTION,COURSE.SEC.FACULTY.ID,40,,10L,10,,,,,,2020-06-01,CCDW,2020-06-01,CCDW,2020-06-01T00:00:00.000Z
SEC.LOCATION.DESC.CC,,,,I,,100,,,,,,,,,,,,,,0,,10L,0,,,,,,2020-06-01,CCDW,2020-06-01,CCDW,2020-06-01T00:00:00.000Z
SEC.MEETING,,,N,Q,N,6,Meetings,,N,COURSE.SEC.MEETING.ID,,,,,,SEC_MEETING,D,CSM.COURSE.SECTION,COURSE.SEC.MEETING.ID,12,,1L,10,"Points to the meeting template of the course section, for printing on the course schedule if desired.",Meeting Info,COURSE.SECTIONS,N,,2020-06-01,CCDW,2020-06-01,CCDW,2020-06-01T00:00:00.000Z
SEC.NO,,,,D,N,10,Copy From Section,,N,,,,,,,,,,,18,,5L,5,"This is the section number.  A section name is, subject+course number+section number.",Section,COURSE.SECTIONS,N,,2020-06-01,CCDW,2020-06-01,CCDW,2020-06-01T00:00:00.000Z
SEC.STUDENTS,,?,,Q,,5000,,,,,,,,,,SEC_STUDENTS,D,,STUDENT.COURSE.SEC.ID,29,,40L,10,,,,,,2020-06-01,CCDW,2020-06-01,CCDW,2020-06-01T00:00:00.000Z
SOC.CODES.ADDDATE,,,D,D,N,8,,,N,,,,,,,,,,,7,D2/,8R,0,Envision-maintained date this record was added to file.,Added On,SOC.CODES,N,,,,2020-06-01,CCDW,2020-06-01T00:00:00.000Z
SOC.CODES.ADDTIME,,,T,D,N,8,,,N,,,,,,,,,,,8,MTH,8R,0,Envision-maintained time this record was added to file.,Time Added,SOC.CODES,N,,,,2020-06-01,CCDW,2020-06-01T00:00:00.000Z
SOC.CODES.CHGDATE,,,D,D,N,8,,,N,,,,,,,,,,,10,D2/,8R,0,Envision-maintained date this record was last updated.,Changed On,SOC.CODES,N,,,,2020-06-01,CCDW,2020-06-01T00:00:00.000Z
SOC.CODES.CHGTIME,,,T,D,N,8,,,N,,,,,,,,,,,11,MTH,8R,0,Envision-maintained time this record was last changed.,Time Changed,SOC.CODES,N,,,,2020-06-01,CCDW,2020-06-01T00:00:00.000Z
SOURCE,,,,X,,30,File,GL.ACCTS,N,,,,,,,,,FILE.FIELDS,LOGICAL.FILE.NAME,1,,20L,32,Where this element can be found (usually a file name),,TOOLCDD,,,2020-06-01,CCDW,2020-06-01,CCDW,2020-06-01T00:00:00.000Z
ST.DESC,I,,,D,,500,,,,,,,,,,,,,,1,,20L,30,,,,,,2020-06-01,CCDW,2020-06-01,CCDW,2020-06-01T00:00:00.000Z
STA.ACAD.LEVEL,,,,K,,100,,,,,,,,,,,,,,,,,,,,,,,2020-06-01,CCDW,2020-06-01,CCDW,2020-06-01T00:00:00.000Z
STA.FED.COHORT.GROUP,,,,,,100,,,,,,,,,,,,,,,,,,,,,,,2020-06-01,CCDW,2020-06-01,CCDW,2020-06-01T00:00:00.000Z
STA.START.TERM,,,,,,100,,,,,,,,,,,,,,,,,,,,,,,2020-06-01,CCDW,2020-06-01,CCDW,2020-06-01T00:00:00.000Z
STA.STUDENT.STANDINGS.SAL,,,,A,,8000,,,,,,,,,,,,,,0,,5L,0,,,,,,2020-06-01,CCDW,2020-06-01,CCDW,2020-06-01T00:00:00.000Z
STA.TERMS,,,,A,,8000,,,,,,,,,,,,,TERMS.ID,17,,7L,7,,,,,,2020-06-01,CCDW,2020-06-01,CCDW,2020-06-01T00:00:00.000Z
STATE,,,,D,,30,,,,,,,,,,,,,,2,,2L,2,,,,,,2020-06-01,CCDW,2020-06-01,CCDW,2020-06-01T00:00:00.000Z
STC.COMMENTS,,,,C,,500,,,,,,,,,,,,,,32,,65L,80,,,,,,2020-06-01,CCDW,2020-06-01,CCDW,2020-06-01T00:00:00.000Z
STC.SECTION.NO,,,,D,N,10,Section,12,N,,,,,,,,,,,57,,5L,5,"This is the number of the course section if this, academic credit record was created from a course, section.  It is kept for historical reasons and was, needed for conversion from R13, but not otherwise, used by the system.",Section,STUDENT.ACAD.CRED,N,,2020-06-01,CCDW,2020-06-01,CCDW,2020-06-01T00:00:00.000Z
STC.TITLE,,,,D,,500,,,,,,,,,,,,,,2,,30L,30,,,,,,2020-06-01,CCDW,2020-06-01,CCDW,2020-06-01T00:00:00.000Z
STC.VERIFIED.GRADE.CHGOPR,,,,D,,20,,,,,,,,,,,,,,20,,8L,20,,,,,,2020-06-01,CCDW,2020-06-01,CCDW,2020-06-01T00:00:00.000Z
STC.VERIFIED.GRADE.DATE,,,D,D,,10,,,,,,,,,,,,,,19,D2/,8R,0,,,,,,2020-06-01,CCDW,2020-06-01,CCDW,2020-06-01T00:00:00.000Z
STE.STUDENT.ACAD.CRED,,,,Q,N,1,Equivalent Courses,,N,STUDENT.ACAD.CRED.ID,,STUDENT_ACAD_CRED,D,,,,,STC.STUDENT.EQUIV.EVAL,STUDENT.ACAD.CRED.ID,8,,1L,10,"List of keys to the STUDENT.ACAD.CRED records that, have the details of the academic credit for the, equivalency.  Each internal course in the equivalency, is housed on an academic credit record.",Equiv Courses,STUDENT.EQUIV.EVALS,N,,1995-02-08,SUE,2020-06-01,CCDW,2020-06-01T00:00:00.000Z
STE.STUDENT.NON.COURSE,,,,X,N,10,Non-Course Work,,N,STUDENT.NON.COURSES.ID,,,,,,,,STNC.STUDENT.EQUIV.EVAL,STUDENT.NON.COURSES.ID,4,,1L,10,"Key of STUDENT.NON.COURSES record that is, used in this equivalency.  Either non-courses or, external transcripts will be filled in, but not both., Used as an Envision return link to know which non-, course work was used in this equivalency.  A non-course, work entry can only be used in one equivalency.",Non-Course Work,STUDENT.EQUIV.EVALS,N,,2020-06-01,CCDW,2020-06-01,CCDW,2020-06-01T00:00:00.000Z
STNC.STUDENT.EQUIV.EVAL,,,,X,,10,,,,,,,,,,,,STE.STUDENT.NON.COURSE,STUDENT.EQUIV.EVALS.ID,22,,1L,10,,,,,,2020-06-01,CCDW,2020-06-01,CCDW,2020-06-01T00:00:00.000Z
STPR.EVAL.MAJORS,,,,A,,35,Eval Major,,N,MAJORS.ID,,,,,,STPR.MAJOR.EVAL,K,,,47,,35L,5,"The major of the student for which the DA evaluation, process calculated academic progress and GPA., , This field is filled in by the Degree Audit evaluation, process.  If Degree Audit is not installed or used,, this field will never have data.  It is derived and, then put in the file for reporting purposes, but, not otherwise used.",Eval Major,STUDENT.PROGRAMS,N,MAJORS,1995-05-30,SMG,,,2020-05-27T14:59:36.298Z
STPR.EVAL.MAJOR.STATUS,,,,A,,11,Major Status,,N,,,,,,,STPR.MAJOR.EVAL,D,,,48,,11L,1,"This is the status that the DA evaluation process assigned, to the associated major as a result of the evaluation., , This field is filled in by the Degree Audit evaluation, process.  If Degree Audit is not installed or used,, this field will never have data.  It is derived and, then put in the file for reporting purposes, but, not otherwise used.",Eval Major Status,STUDENT.PROGRAMS,N,$VR.DA.EVAL.STATUSES,1995-04-10,SMG,,,2020-05-27T14:59:34.689Z
STTR.ACAD.LEVEL,,,,K,,20,,,,,,,,,,,,,,,,,,,,,,,2020-06-01,CCDW,2020-06-01,CCDW,2020-06-01T00:00:00.000Z
STTR.ACTIVE.CRD.LEVELS,"string xResult1; , xResult1 = SGetTermCreds(vSttrStudent, vSttrTerm, """", ""R"");, return (money)xResult1;",,N,,N,8,,,N,,Y,2,N,N,5,,,,,0,"MD25,",8R,0,"HISTORY:, , - September 29 2000  03:45pm  Bernard Alvano  (SOCR 34584)     , Marked as Unidata only because it uses S.GET.STU.TERM.ACAD.CRED, (called from S.CALC.STU.TERM.CREDS which is called from   , S.GET.TERM.CREDS).  S.GET.STU.TERM.ACAD.CRED uses common  , which will not work in Oracle., BNW - 07/07/11 - added t-sql equivalent to CC.ITEMS.SRC.",Acad Levels Credit,STUDENT.TERMS,N,,2020-06-01,CCDW,2020-06-01,CCDW,2020-06-01T00:00:00.000Z
STTR.ACTIVE.CRED,"string xResult1; , xResult1 = SGetTermCreds(vSttrStudent, vSttrTerm, vSttrAcadLevel, ""R"");, return (money)xResult1;",,N,,N,8,,,N,,Y,2,N,N,5,,,,,0,"MD25,",8R,0,"This is the sum of the active credits for which a, student was registered in this term., The subroutine is used to include any nonterm based, courses active during this time period., , (also used by Topview), , HISTORY:, , - September 29 2000  03:45pm  Bernard Alvano  (SOCR 34584), Marked as Unidata only because it uses S.GET.STU.TERM.ACAD.CRED, (called from S.CALC.STU.TERM.CREDS which is called from, S.GET.TERM.CREDS).  S.GET.STU.TERM.ACAD.CRED uses common, which will not work in Oracle., BNW - 07/07/11 - added t-sql equivalent to CC.ITEMS.SRC.",Active Reg Cred,STUDENT.TERMS,N,,2020-06-01,CCDW,2020-06-01,CCDW,2020-06-01T00:00:00.000Z
#STTR.ACTIVE.PROGRAMS,,,,,,100,,,,,,,,,,,,,,,,,,,,,,,2020-06-01,CCDW,2020-06-01,CCDW,2020-06-01T00:00:00.000Z
STTR.ACTIVE.PROGRAMS,,,,A,,20,,,,,,,,,,,,,,0,,20L,0,,,,,,2020-06-01,CCDW,2020-06-01,CCDW,2020-06-01T00:00:00.000Z
STTR.ALL.CRED,"string xResult1; , xResult1 = SGetAllTermCreds(vSttrStudent, vSttrTerm, vSttrAcadLevel, ""R"");, return (money)xResult1;",,N,,N,8,,,N,,Y,2,N,N,5,,,,,0,"MD25,",8R,0,"Calculate credit for statuses with a special, processing code of 1, 2 and 7., , HISTORY:, , - September 29 2000  03:45pm  Bernard Alvano  (SOCR 34584), Marked as Unidata only because it uses S.GET.STU.TERM.ACAD.CRED, (called from S.CALC.ALL.STU.TERM.CREDS which is called from, S.GET.ALL.TERM.CREDS).  S.GET.STU.TERM.ACAD.CRED uses common  , which will not work in Oracle., BNW - 11/02/11 - added t-sql equivalent to CC.ITEMS.SRC",All Term Cred,STUDENT.TERMS,N,,2020-06-01,CCDW,2020-06-01,CCDW,2020-06-01T00:00:00.000Z
STTR.CMPL.CRED,"string xResult1; , xResult1 = SGetTermCreds(vSttrStudent, vSttrTerm, vSttrAcadLevel, ""C"");, return (money)xResult1;",,N,,N,8,,,N,,Y,2,N,N,5,,,,,0,"MD25,",8R,0,"To get the number of completed credits during a term, This is an example i descriptor that the rules processor, uses to determine whether the student can qualify, for the dean'slist, , HISTORY:, , - September 29 2000  03:45pm  Bernard Alvano  (SOCR 34584)     , Marked as Unidata only because it uses S.GET.STU.TERM.ACAD.CRED, (called from S.CALC.STU.TERM.CREDS which is called from   , S.GET.TERM.CREDS).  S.GET.STU.TERM.ACAD.CRED uses common  , which will not work in Oracle., BNW - 07/07/11 - added t-sql equivalent to CC.ITEMS.SRC.",Completed Credits,STUDENT.TERMS,N,,2020-06-01,CCDW,2020-06-01,CCDW,2020-06-01T00:00:00.000Z
STTR.CUM.GPA,"string xResult1; , xResult1 = SCalcStuGpa((vlSttrStaStudentAcadCred).ToDelimitedString((253).Char()), ""C"");, return (real)xResult1;",,N,,N,7,,,N,,N,3,N,N,5,,,,,0,MD35,7R,0,"Sample of a GPA that might be helpful for reporting., Please verify accuracy and usefulness before using., This GPA is the current cumulative GPA for the, student/academic level combination, BNW - 07/07/11 - added t-sql equivalent to CC.ITEMS.SRC, BNW - 12/02/11 - expand t-sql output arg to decimal(9,3)",Cum GPA,STUDENT.TERMS,N,,2020-06-01,CCDW,2020-06-01,CCDW,2020-06-01T00:00:00.000Z
STTR.FED.COHORT.GROUP,,,,I,,10,,,,,,,,,,,,,,0,,5L,0,,,,,,2020-06-01,CCDW,2020-06-01,CCDW,2020-06-01T00:00:00.000Z
STTR.GPA,"string xResult1; , xResult1 = SCalcStuGpa((vlSttrCourseSec).ToDelimitedString((253).Char()), ""T"");, return (real)xResult1;",,N,,N,7,,,N,,N,3,N,N,5,,,,,0,MD35,7R,0,"For level standings to allow the rules to get, the gpa, This is an example i desc that is used by the, rules processor determine academic standings, BNW - 07/07/11 - added t-sql equivalent to CC.ITEMS.SRC, BNW - 12/02/11 - expand t-sql output arg to decimal(9,3)",GPA,STUDENT.TERMS,N,,2020-06-01,CCDW,2020-06-01,CCDW,2020-06-01T00:00:00.000Z
STTR.STATUS.DATE,,,D,,,10,,,,,,,,,,,,,,,,,,,,,,,2020-06-01,CCDW,2020-06-01,CCDW,2020-06-01T00:00:00.000Z
STU.CMPL.CRED,"string xResult1; , xResult1 = SGetTermCreds(vStudentsId, (vlStuTerms).ToDelimitedString((253).Char()), """", ""C"");, return (money)xResult1;",,N,,N,8,,,N,,Y,2,N,N,5,,,,,0,"MD25,",8R,0,"To get the number of completed credits during a term, This is an example i descriptor that the rules processor, uses to determine whether the student can qualify, for registration.  For example:,   A student may be non-classified (not seeking a specific degree),   and may not be allowed to take more than 24 credits before,   declaring a major., , HISTORY: , , - September 29 2000  03:45pm  Bernard Alvano  (SOCR 34584), Marked as Unidata only because it uses S.GET.STU.TERM.ACAD.CRED, (called from S.CALC.STU.TERM.CREDS which is called from   , S.GET.TERM.CREDS).  S.GET.STU.TERM.ACAD.CRED uses common  , which will not work in Oracle., BNW - 07/07/2011 - added t-sql equivalent to CC.ITEMS.SRC.",Completed Credits,STUDENTS,N,,2020-06-01,CCDW,2020-06-01,CCDW,2020-06-01T00:00:00.000Z
SYS.CLASS.DESCRIPTION,,,,T,N,1200,Description,,N,,,,,,,,,,,1,,70L,0,Verbal description of the meaning of a given security class,,SECLASS,N,,2020-06-01,CCDW,2020-06-01,CCDW,2020-06-01T00:00:00.000Z
SYS.CLASS.ID,,,,K,N,20,Security Class ID,,N,,,,,,,,,,,0,,20L,0,Symbol for a defined security class,,SECLASS,N,,2020-06-01,CCDW,2020-06-01,CCDW,2020-06-01T00:00:00.000Z
SYS.USER.ID,,,,K,N,15,User ID,,N,,,,,,,,,,,0,,6R,20,Key to user record for session management (@WHO),,OPERS,N,,2020-06-01,CCDW,2020-06-01,CCDW,2020-06-01T00:00:00.000Z
TA.ACYR,,,,K,,50,,,,,,,,,,,,,,,,,,,,TA.ACYR,,,2020-06-01,CCDW,2020-06-01,CCDW,2020-06-01T00:00:00.000Z
TA.AW.ID,,,S,K,,20,,,,,,,,,,,,,,,,,,,,TA.ACYR,,,2020-06-01,CCDW,2020-06-01,CCDW,2020-06-01T00:00:00.000Z
TA.STUDENT.ID,,,S,K,,20,,,,,,,,,,,,,,,,,,,,TA.ACYR,,,2020-06-01,CCDW,2020-06-01,CCDW,2020-06-01T00:00:00.000Z
TA.TERM,,,S,K,,20,,,,,,,,,,,,,,,,,,,,TA.ACYR,,,2020-06-01,CCDW,2020-06-01,CCDW,2020-06-01T00:00:00.000Z
TERM.CENSUS.DATES,,,D,,,10,,,,,,,,,,,,,,,,,,,,,,,2020-06-01,CCDW,2020-06-01,CCDW,2020-06-01T00:00:00.000Z
TERM.DESC,,,,D,,500,,,,,,,,,,,,,,2,,30L,0,,,,,,2020-06-01,CCDW,2020-06-01,CCDW,2020-06-01T00:00:00.000Z
Term_ID,,,,,,10,,,,,,,,,,,,,,,,,,,,XCE.ICR,,,2020-06-01,CCDW,2020-06-01,CCDW,2020-06-01T00:00:00.000Z
TOOLCDD.ADD.OPERATOR,,,,D,,20,,,,,,,,,,,,,,14,,6L,20,Login ID of analyst who created this data element,,TOOLCDD,,,2020-06-01,CCDW,2020-06-01,CCDW,2020-06-01T00:00:00.000Z
TOOLCDD.CHANGE.OPERATOR,,,,D,,20,,,N,,,,,,,,,,,17,,6L,20,Login ID of the analyst who last changed specs for this,,TOOLCDD,,,2020-06-01,CCDW,2020-06-01,CCDW,2020-06-01T00:00:00.000Z
USER.ACPG.ALTERNATE_GROUP_CODE,,,,,,5,,,,,,,,,,,,,,,,,,,,,,,2020-06-01,CCDW,2020-06-01,CCDW,2020-06-01T00:00:00.000Z
USER.ACPG.ALTERNATE_GROUP_DESC,,,,,,250,,,,,,,,,,,,,,,,,,,,,,,2020-06-01,CCDW,2020-06-01,CCDW,2020-06-01T00:00:00.000Z
USER.ACPG.CAREER_CLUSTER,,,,,,100,,,,,,,,,,,,,,,,,,,,ACAD_PROGRAMS__USER,,,2020-06-01,CCDW,2020-06-01,CCDW,2020-06-01T00:00:00.000Z
USER.ACPG.DEPARTMENT_CODE,,,,,,5,,,,,,,,,,,,,,,,,,,,ACAD_PROGRAMS__USER,,,2020-06-01,CCDW,2020-06-01,CCDW,2020-06-01T00:00:00.000Z
USER.ACPG.DEPARTMENT_DESC,,,,,,250,,,,,,,,,,,,,,,,,,,,ACAD_PROGRAMS__USER,,,2020-06-01,CCDW,2020-06-01,CCDW,2020-06-01T00:00:00.000Z
USER.ACPG.DISCONTINUED,,,,,,1,,,,,,,,,,,,,,,,,,,,ACAD_PROGRAMS__USER,,,2020-06-01,CCDW,2020-06-01,CCDW,2020-06-01T00:00:00.000Z
USER.ACPG.HIGH_SCHOOL,,,,,,1,,,,,,,,,,,,,,,,,,,,ACAD_PROGRAMS__USER,,,2020-06-01,CCDW,2020-06-01,CCDW,2020-06-01T00:00:00.000Z
USER.ACPG.MAJOR_AREA,,,,,,250,,,,,,,,,,,,,,,,,,,,ACAD_PROGRAMS__USER,,,2020-06-01,CCDW,2020-06-01,CCDW,2020-06-01T00:00:00.000Z
USER.ACPG.MAJOR_CODE_DESC,,,,,,250,,,,,,,,,,,,,,,,,,,,ACAD_PROGRAMS__USER,,,2020-06-01,CCDW,2020-06-01,CCDW,2020-06-01T00:00:00.000Z
USER.ACPG.MAJOR.HOURS.MAX,,,N,D,N,3,,,,,,,,,,,,,,,,,,,,ACAD_PROGRAMS__USER,,,2020-06-01,CCDW,2020-06-01,CCDW,2020-06-01T00:00:00.000Z
USER.ACPG.MAJOR.HOURS,,,N,D,N,3,,,,,,,,,,,,,,,,,,,,ACAD_PROGRAMS__USER,,,2020-06-01,CCDW,2020-06-01,CCDW,2020-06-01T00:00:00.000Z
USER.ACPG.PERFORMANCE_INDICATOR_PROGRAM_AREA_CODE,,,,,,5,,,,,,,,,,,,,,,,,,,,ACAD_PROGRAMS__USER,,,2020-06-01,CCDW,2020-06-01,CCDW,2020-06-01T00:00:00.000Z
USER.ACPG.PERFORMANCE_INDICATOR_PROGRAM_AREA_DESC,,,,,,250,,,,,,,,,,,,,,,,,,,,ACAD_PROGRAMS__USER,,,2020-06-01,CCDW,2020-06-01,CCDW,2020-06-01T00:00:00.000Z
USER.ACPG.PROGRAM_AREA_CODE,,,,,,5,,,,,,,,,,,,,,,,,,,,ACAD_PROGRAMS__USER,,,2020-06-01,CCDW,2020-06-01,CCDW,2020-06-01T00:00:00.000Z
USER.ACPG.PROGRAM_AREA_DESC,,,,,,250,,,,,,,,,,,,,,,,,,,,ACAD_PROGRAMS__USER,,,2020-06-01,CCDW,2020-06-01,CCDW,2020-06-01T00:00:00.000Z
USER.ACPG.PROGRAMS.ID,,,,K,,10,,,,,,,,,,,,,,,,,,,,ACAD_PROGRAMS__USER,,,2020-06-01,CCDW,2020-06-01,CCDW,2020-06-01T00:00:00.000Z
VALCODE.ID,,,,K,N,35,Validation Code ID,,N,,,,,,,,,,,0,,32L,40,Type of validation/translation code to place in the system,,VALCODES,N,,2020-06-01,CCDW,2020-06-01,CCDW,2020-06-01T00:00:00.000Z
VALIDATION.TABLE,,,,D,,200,Validate/Translate Table,,,,,,,,,,,,,39,,50L,250,Validation/translate table reference,,TOOLCDD,,,2020-06-01,CCDW,2020-06-01,CCDW,2020-06-01T00:00:00.000Z
VETERAN.TYPE.DESCRIPTION,,,,,,200,,,,,,,,,,,,,,,,,,,,PERSON,,,2020-06-01,CCDW,2020-06-01,CCDW,2020-06-01T00:00:00.000Z
WHERE.USED,,,,A,N,15,,5,N,,,,,,,,,,,31,,15L,15,,,PERSON,N,,2020-06-01,CCDW,2020-06-01,CCDW,2020-06-01T00:00:00.000Z
X.ACTIVE.STATUS,,,,,,1,,,,,,,,,,,,,,,,,,,,,,,2020-06-01,CCDW,2020-06-01,CCDW,2020-06-01T00:00:00.000Z
X.INSTA.INSTITUTION,,,,I,,100,,,,,,,,,,,,,,0,,25L,0,,,,,,2020-06-01,CCDW,2020-06-01,CCDW,2020-06-01T00:00:00.000Z
X.SA.AWARD.CATEGORY,"string[] xlResult1;, key xlKeyAwards for file Awards;, xlKeyAwards = vlSaAward;, xlResult1 = vlAwCategory;, return xlResult1;",,,I,,5,,,,,,,,,,AWARD_LIST,D,,,0,,5L,0,Return the award category for each award on the student',Category,SA.ACYR,,,2010-04-01,DATATEL,2010-04-01,DATATEL,2020-05-27T14:59:26.564Z
X.SA.AWARD.DESTINATION,"string[] xlResult1;, key xlKeyAwards for file Awards;, xlKeyAwards = vlSaAward;xlResult1 = vlAwDestination;, return xlResult1;",,,I,,4,,,,,,,,,,AWARD_LIST,D,,,0,,4L,0,Return the award type for each award on the student's re,Dest,SA.ACYR,,,2010-04-01,DATATEL,2010-04-01,DATATEL,2020-05-27T14:59:33.111Z
X.SA.AWARD.TYPE,"string[] xlResult1;, key xlKeyAwards for file Awards;, xlKeyAwards = vlSaAward; xlResult1 = vlAwType;, return xlResult1;",,,I,,5,,,,,,,,,,AWARD_LIST,D,,,0,,5L,0,Return the award type for each award on the student's re,Type,SA.ACYR,,,2010-04-01,DATATEL,2010-04-01,DATATEL,2020-05-27T14:59:29.392Z
X.STTR.PROGRAM.TITLE,,,,,,8000,,,,,,,,,,,,,,,,,,,,,,,2020-06-01,CCDW,2020-06-01,CCDW,2020-06-01T00:00:00.000Z
X842.SERVICE.YEARS,"date xLongevityDate = vHrpServDtLongevity;, date xDateNow = Date.now;, int xYearNow = 0;, int xYearLongevity = 0;, int xYearsService = 0;, , xYearNow = (int)xDateNow.year;, xYearLongevity = (int)xLongevityDate.year;, , xYearsService = xYearNow - xYearLongevity;, , return xYearsService;",,N,I,,5,,,,,N,0,N,N,,,,,,0,MD0,10L,0,years of service based on anniversary date,Y.O.S,HRPER,,,2020-06-01,CCDW,2020-06-01,CCDW,2020-06-01T00:00:00.000Z
X842.SERVICE.YEARS2,"date xAnniversaryDate = vHrpAnniversaryDay;, date xDateNow = Date.now;, int xYearNow = 0;, int xYearAnniversary = 0;, int xYearsService = 0;, , xYearNow = (int)xDateNow.year;, xYearAnniversary = (int)xAnniversaryDate.year;, , xYearsService = xYearNow - xYearAnniversary;, , return xYearsService;",,N,I,,7,,,,,N,0,N,N,,,,,,0,MD0,10L,0,Service years based on anniversary date,Y.O.S.,HRPER,,,2020-06-01,CCDW,2020-06-01,CCDW,2020-06-01T00:00:00.000Z
XARPI.FA.TRANSMITTAL,,,,N,,9,,,,,,2,,,,,,,,,,,,,,AR.PAYMENT.ITEMS,,,2020-06-01,CCDW,2020-06-01,CCDW,2020-06-01T00:00:00.000Z
XARPI.FAX.TA.AWARD,,,,D,,35,,,,,,,,,,,,,,,,,,,,AR.PAYMENT.ITEMS,,,2020-06-01,CCDW,2020-06-01,CCDW,2020-06-01T00:00:00.000Z
XCC.ACAD.PROG.REQMTS.ID,,,,K,,15,,,,,,,,,,,,,,,,,,,,XCC.ACAD.PROG.REQMTS,,,2020-06-01,CCDW,2020-06-01,CCDW,2020-06-01T00:00:00.000Z
XCCAP.LAST.DOWNLOAD,,,D,D,N,10,Last Download Date,,N,,,,,,,,,,,16,D2/,8R,8,Last time the program was downloaded from the System Office,Last Download Date,XCC.ACAD.PROGRAMS,N,,2020-06-01,CCDW,2020-06-01,CCDW,2020-06-01T00:00:00.000Z
XCCAPR.COMMENTS,,,,C,,500,Comments,,N,,,,,,,,,,,14,,65L,65,,Comments,XCC.ACAD.PROG.REQMTS,,,2020-06-01,CCDW,2020-06-01,CCDW,2020-06-01T00:00:00.000Z
XCCAPR.LAST.DOWNLOAD,,,D,D,N,8,Last Download Date,,N,,,,,,,,,,,15,D2/,8R,8,,Last Download Date,XCC.ACAD.PROG.REQMTS,N,,2020-06-01,CCDW,2020-06-01,CCDW,2020-06-01T00:00:00.000Z
XCCAPR.LOCAL.DESC,,,,C,,250,Local Desc,,N,,,,,,,,,,,13,,50L,50,,Local Desc,XCC.ACAD.PROG.REQMTS,,,2020-06-01,CCDW,2020-06-01,CCDW,2020-06-01T00:00:00.000Z
XCCAPR.MAJOR,"string xResult1;, xResult1 = (vXccaprAcadProgram).Substring(2,5);, return xResult1;",,,,N,35,,,N,,,,,,,,,,,0,,35L,0,,Major,XCC.ACAD.PROG.REQMTS,N,,2020-06-01,CCDW,2020-06-01,CCDW,2020-06-01T00:00:00.000Z
XCCAPR.PRES.APPROVAL.DATE,,,D,D,N,8,President Approval Date,,N,,,,,,,,,,,17,D2/,8R,8,,President Approval Date,XCC.ACAD.PROG.REQMTS,N,,2020-06-01,CCDW,2020-06-01,CCDW,2020-06-01T00:00:00.000Z
XCCAPR.PROGRAM.GPA,,,N,D,N,7,Program GPA,,N,,,3,,,,,,,,16,MD35,7R,7,,Program GPA,XCC.ACAD.PROG.REQMTS,N,,2020-06-01,CCDW,2020-06-01,CCDW,2020-06-01T00:00:00.000Z
XCCAPR.PROGRAM.GROUP,"string xResult1;, xResult1 = (vXccaprAcadProgram).Substring(2,2);, return xResult1;",,,,N,2,,,N,,,,,,,,,,,0,,2L,0,,Program Group,XCC.ACAD.PROG.REQMTS,N,,2020-06-01,CCDW,2020-06-01,CCDW,2020-06-01T00:00:00.000Z
XCCAPR.ROLLOVER.FLAG,,,,D,N,3,Rollover,,N,,,,,,,,,,,12,,3L,1,"Flag to indicate that this XCC.ACAD.PROG.REQMTS record, was created by the catalog copy process. Even though, the status may be A, which normally cannot be changed,, in this case the status can be changed to P so that, changes can be made to the catalog and it can be, submitted for approval.",Rollover,XCC.ACAD.PROG.REQMTS,N,,2020-06-01,CCDW,2020-06-01,CCDW,2020-06-01T00:00:00.000Z
XCCAPR.STATUS.DATE,,,D,,N,8,Status Date,,N,,N,2,/,,,,D,,,2,D2/,8R,8,This is the date that the status was added.,Status Date,XCC.ACAD.PROG.REQMTS,,,2020-06-01,CCDW,2020-06-01,CCDW,2020-06-01T00:00:00.000Z
XCCAPR.STATUS,,,,,,20,Status,,N,,,,,,,,K,,,1,,20L,5,,Status,XCC.ACAD.PROG.REQMTS,,$VR.PROGRAM.STATUSES,2020-06-01,CCDW,2020-06-01,CCDW,2020-06-01T00:00:00.000Z
XCE.ONOFF.CAMPUS,,,,D,,2,,,,,,,,,,,,,,7,,1L,0,,,XCE.ICR,,,12/10/2002,MARTINR,2020-06-01,CCDW,2020-06-01T00:00:00.000Z
XCE.SECTION.NUMBER,,,,D,N,9,,12345,N,,,,,,,,,,,4,,5L,5,Store full section number. The CEICR flat file only wants the last 3 digits.,Sec#,XCE.ICR,N,,12/13/2002,MARTINR,2020-06-01,CCDW,2020-06-01T00:00:00.000Z
XCU.ACAD.PROGRAM,,,,D,N,10,,,N,,,,,,,,,,,5,,6L,0,,,XCU.ICR,N,,2020-06-01,CCDW,2020-06-01,CCDW,2020-06-01T00:00:00.000Z
XFA.NCHED.AW.CODE.DESC,,,,D,,78,,Federal Pell Grant,N,,,,,,,,,,,1,,70L,70,The description of the Source of Aid,,XFA.NCHED.AW.CODES,,,4/29/2003,JOHNY,2020-06-01,CCDW,2020-06-01T00:00:00.000Z
XHRP.XNC.ACAD.LEVEL,,,,D,,4,,,N,,,,,,,,,,,1,,4L,0,,,HRPER,,,2020-06-01,CCDW,2020-06-01,CCDW,2020-06-01T00:00:00.000Z
XLE.STU.INTAKE.DATE,,,D,A,N,10,,10/12/2012,N,,N,4,/,,,,,,,68,D4/,10R,8,"Stores intake date., Note: This field is no longer used as of the 2017-18 program year",Intake Dt,XLE.STUDENTS,N,,2020-06-01,CCDW,2020-06-01,CCDW,2020-06-01T00:00:00.000Z
XNC.HIGH.SCHOOL.TRACK,,,,L,N,30,,TP,N,,,,,,,,,,,28,,30L,3,,,XNC.PERSON,N,$VR.XNC.HIGH.SCHOOL.TRACKS,2020-06-01,CCDW,2020-06-01,CCDW,2020-06-01T00:00:00.000Z
XNC.HS.GRAD.DATE,,,D,D,N,10,,8/24/2011,N,,,,,,,,,,,35,D2/,8R,8,High School Graduation Date,,XNC.PERSON,N,,2020-06-01,CCDW,2020-06-01,CCDW,2020-06-01T00:00:00.000Z
XNC.HS.LAST.ATTENDED.DATE,,,,D,N,10,,5/15/1999,N,,N,2,/,,,,,,,18,D2/,8R,8,"This is a data characteristic of the student, not, associated with a particular high school s/he attended",,XNC.PERSON,N,,2020-06-01,CCDW,2020-06-01,CCDW,2020-06-01T00:00:00.000Z
XNC.LAST.EMPLOY.DATE,,,D,D,N,10,,2/15/2001,N,,N,2,/,,,,,,,27,D2/,8R,8,,,XNC.PERSON,N,,2020-06-01,CCDW,2020-06-01,CCDW,2020-06-01T00:00:00.000Z
XNC.PATHWAY.END.DATE,,,D,A,N,8,Pathway End Date,,N,,,,,,,XNC.PATHWAY,D,,,40,D2/,8R,8,,Pathway End Date,XNC.PERSON,N,,2012-08-27,MBLAKE,2020-06-01,CCDW,2020-06-01T00:00:00.000Z
XNC.PATHWAY.ENTRY,,,,A,N,15,Pathway Entry,,N,,,,,,,XNC.PATHWAY,D,,,37,,15L,2,,Pathway Entry,XNC.PERSON,N,$VR.XNC.PATHWAY.ENTRY,2011-10-25,MBLAKE,2020-06-01,CCDW,2020-06-01T00:00:00.000Z
XNC.PATHWAY.TYPE,,,,A,N,60,Pathway Type,CTP,N,,,,,,,XNC.PATHWAY,D,,,36,,60L,3,,Pathway Type,XNC.PERSON,N,XNC.PATHWAY.TYPES,2011-10-25,MBLAKE,2020-06-01,CCDW,2020-06-01T00:00:00.000Z
XPLPA.MONTHS,,,,A,,10,,,,,,,,,,MTHHRS,D,,,4,,10L,0,,,XPAC.LP.ASGMTS,,,2004-12-20,MARTINR,2020-06-01,CCDW,2020-06-01T00:00:00.000Z
XPLPA.MTH.HOURS,,,,A,,10,,,N,,,,,,,MTHHRS,D,,,5,MD2,10R,0,,,XPAC.LP.ASGMTS,,,2004-12-20,MARTINR,2020-06-01,CCDW,2020-06-01T00:00:00.000Z
XSCS.PRI.ACAD.PROG,"string[] xlResult1;, string xResult2 = XsGetPriAcadProgram(vScsStudent,""CU"","""");, xlResult1 = xResult2.ToArray((253).Char());, return xlResult1;",,,A,,8000,,,N,,,,,,,,,,,0,,10L,0,"See HDT 29820 - Returns the primary academic programs(s) for the student.  This , is used in the special FTE query.",Prim Acad Programs,STUDENT.COURSE.SEC,N,,2020-06-01,CCDW,2020-06-01,CCDW,2020-06-01T00:00:00.000Z
XSEC.FIN.GRD.SUBMIT.OPR,,,,D,,150,,,N,,,,,,,,,,,1,,15L,15,,Locked By,XCOURSE.SECTIONS,N,,2020-06-01,CCDW,2020-06-01,CCDW,2020-06-01T00:00:00.000Z
ZIP,,,,D,,20,,,,,,,,,,,,,,1,,10L,10,,,,,,,,2020-06-01,CCDW,2020-06-01T00:00:00.000Z
