1062662,N,N,N,N,N,NULL,9,,
1063011,N,N,N,,N,UN,,,
1063255,N,N,N,N,N,UN,9,,
1064157,N,N,N,N,N,UN,,,
1065629,N,N,N,,N,UN,,,
1066068,N,N,N,N,N,GP,,,
1066492,N,Y,N,,N,NULL,,,
1066539,N,N,N,N,N,UN,,,
1068295,N,N,N,N,N,UN,,,
1068788,N,N,N,,N,NULL,,,
1069055,N,N,N,,N,UN,,,
1098875,N,N,N,,N,UN,,,
1099216,N,N,N,N,N,UN,,,
1100105,N,N,N,,N,GP,,,
1100642,N,N,N,N,N,UN,,,
1100809,N,N,N,N,N,UN,,,
1101673,N,N,N,,N,GP,,,
1102015,N,N,N,N,N,UN,,,
1102094,N,N,N,,N,UN,,,
1102196,N,N,N,,N,VP,,,
1102777,N,N,N,,N,UN,,,
1103944,N,N,N,N,N,UN,,,
1104206,N,N,N,,N,GP,,,
1104262,N,N,N,,N,CTP,,,
1104331,N,N,N,,N,VP,,--,12
1104661,N,N,N,,N,UN,,,
1105103,N,N,N,,N,CP,,,
1105179,N,N,N,,N,UN,,,
1105329,N,Y,N,N,N,NULL,9,,
1105502,N,N,N,,N,CP,,,
1105952,N,N,N,N,N,UN,10,,
1106096,N,N,N,N,N,UN,,,
1131445,,,,,,UN,,,
1131667,,,,,,CP,,,
1132184,,,,,,TP,,,
1133097,N,Y,N,N,N,UN,10,,
1133145,,,,,,UN,,,
1133189,N,Y,Y,N,N,NULL,9,,
1133328,,,,,,UN,,,
1133468,,,,,,UN,,,
1133574,,,,,,GP,,16,17
1133986,,,,,,CP,,,
1134076,,,,,,UN,,,
1134111,,,,,,UN,,,
1134162,,,,,,CTP,,,
1134691,,,,,,UN,,,16
1134790,,,,,,UN,,,
1134889,,,,,,UN,,,
1135033,,,,,,OT,,,
1135455,,,,,,CP,,16,16
1135817,,,,,,UN,,,
1136203,,,,,,CTP,,15,15
1136457,,,,,,CTP,,,
1136920,,,,,,UN,,,
1137007,,,,,,UN,,,
1137078,,,,,,CP,,,
1137521,,,,,,CP,,,
1138325,,,,,,GP,,,
1138411,,,,,,UN,,,
1138470,,,,,,UN,,,
1138520,,,,,,UN,,,
1139063,,,,,,UN,,,
1139375,,,,,,UN,,,
1139747,N,N,N,N,N,UN,6,,
1139789,,,,,,UN,,,
1140071,,,,,,UN,,,
1140253,N,N,N,N,N,UN,12,,
1140372,,,,,,UN,,,
1069775,N,N,N,N,N,UN,,,
1070051,N,N,N,,N,UN,,,
1071271,N,N,N,,N,UN,,,
1071925,N,N,N,,N,UN,,,
1072137,N,N,N,,N,CTP,,,
1072826,N,N,N,,N,UN,,,
1073123,N,N,N,,N,UN,,15,15
1074445,N,N,N,,N,NULL,,,
1074599,N,N,N,N,N,UN,,,
1074865,N,N,N,,N,CTP,,14,15
1074997,N,N,N,N,N,UN,,,
1075315,N,Y,N,,N,UN,,,
1075804,N,N,N,N,N,UN,,,
1075823,N,Y,N,,N,GP,,15,--
1076194,N,N,N,N,N,OT,13,8,12
1077634,N,Y,Y,,N,UN,,,
1077835,N,N,N,N,N,OT,,12,12
1077866,N,N,N,,N,UN,,,
1078215,N,Y,N,,N,UN,,,
1079294,N,N,N,,N,GP,,,
1079871,N,N,N,,N,CP,,,
1080014,Y,N,N,Y,N,NULL,10,,
1080504,N,Y,N,N,N,UN,11,,
1081385,N,N,N,,N,UN,,,
1081406,Y,N,N,Y,N,UN,,,
1081495,N,N,N,,N,NULL,,,
1082205,N,N,N,,N,GP,,,
1083202,N,N,N,N,N,UN,,,
1084276,N,N,N,N,N,UN,,,
1107228,N,N,N,,N,UN,,,
1107962,N,N,N,N,N,UN,,,
1108824,N,N,N,,N,GP,,,
1109762,N,N,N,,N,GP,,,
1110869,N,N,N,N,N,UN,,,
1110872,N,N,N,,N,UN,,,
1111158,N,N,N,,N,UN,,,
1111190,N,N,N,,N,GP,,,
1111206,N,N,N,,N,UN,,,
1111389,N,Y,N,,N,UN,,,
1111400,N,N,N,N,N,UN,,,
1113539,,,,,,UN,,,
1114195,N,Y,N,Y,N,UN,11,,
1156685,,,,,,UN,,,
1156702,,,,,,UN,,,
1156723,,,,,,UN,,,
1156723,,,,,,UN,,,
1156724,,,,,,UN,,,
1156733,,,,,,UN,,,
1156750,,,,,,UN,,,
1156767,,,,,,CP,,,
1156770,,,,,,UN,,,
1156773,,,,,,UN,,,
1156775,,,,,,UN,,,
1156775,,,,,,UN,,,
1156777,,,,,,UN,,,
1156783,,,,,,UN,,,
1156800,,,,,,VP,,,
1156819,,,,,,UN,,,
1156978,,,,,,UN,,,
1156980,,,,,,UN,,,
1156997,,,,,,UN,,,
1156997,,,,,,UN,,,
1157003,,,,,,UN,,,
1157010,,,,,,GP,,,
1157149,,,,,,UN,,,
1157157,,,,,,UN,,,
1157171,,,,,,CP,,,
1157206,,,,,,UN,,,
1157228,,,,,,CP,,,
1157241,N,N,N,N,N,NULL,5,,
1157255,,,,,,UN,,,
1157337,,,,,,GP,,,
1157347,,,,,,UN,,,
1157350,,,,,,UN,,,
1157355,,,,,,UN,,,
1157357,,,,,,UN,,,
1157360,,,,,,UN,,,
1157365,,,,,,UN,,,
1157367,,,,,,UN,,,
1157370,,,,,,CP,,,
1157385,,,,,,UN,,,
1157387,,,,,,UN,,,
1157418,,,,,,UN,,,
1157435,,,,,,UN,,,
1157452,N,N,N,N,N,UN,8,,
1157500,,,,,,CP,,,
1157517,,,,,,UN,,,
1157538,N,N,N,N,N,UN,12,,
1157591,,,,,,UN,,,
1157606,,,,,,OT,,14,15
1157623,,,,,,CP,,,
1157709,,,,,,UN,,,
1157725,,,,,,UN,,,
1157776,,,,,,GP,,,
1157785,,,,,,UN,,,
1157809,,,,,,UN,,,
1157866,,,,,,UN,,,
1157891,,,,,,GP,,,
1157964,,,,,,UN,,,
1158108,,,,,,UN,,,
1158240,N,N,N,N,N,NULL,10,,
1158253,N,N,N,N,N,UN,11,,
1158268,,,,,,CP,,--,--
1158299,N,N,N,N,N,NULL,8,,
1158301,N,N,N,N,N,UN,12,12,12
1158334,,,,,,UN,,12,16
1158342,N,N,N,N,N,NULL,8,,
1158349,,,,,,GP,,,
1158349,,,,,,GP,,,
1158365,,,,,,GP,,17,17
1158374,,,,,,UN,,,
1158477,,,,,,CP,,15,16
1158484,,,,,,GP,,14,
1158509,,,,,,UN,,,
1158530,,,,,,CP,,16,15
1158542,N,N,N,N,N,UN,11,12,13
1158593,,,,,,CP,,12,12
1158642,,,,,,UN,,12,14
1158647,,,,,,CTP,,,
1158678,,,,,,CTP,,12,10
1158685,,,,,,CTP,,15,15
1158736,,,,,,UN,,,
1158741,,,,,,CP,,15,15
1158744,,,,,,UN,,,
1158746,,,,,,CP,,12,12
1158746,,,,,,CP,,12,12
0078849,N,N,N,N,N,UN,,,
0078932,N,N,N,N,N,UN,,,
0078967,N,N,N,,N,UN,,,
0078969,N,N,N,N,N,UN,,,
0079009,N,N,N,,N,UN,,,
0079042,N,N,N,,N,UN,,,
0079097,N,N,N,N,N,UN,,,
0079109,N,N,N,,N,VP,,,
0079179,N,N,N,N,N,UN,,,
0079704,N,N,N,N,N,UN,,,
0079846,N,N,N,N,N,UN,,,
0079985,N,N,N,,N,UN,,,
0080772,N,N,N,,N,TUP,,,
0081245,N,N,N,N,N,UN,,,
1017871,N,N,N,,N,UN,,,
1018984,N,N,N,N,N,UN,12,10,12
1019370,N,N,N,,N,CP,,,
1019795,N,Y,Y,,N,UN,,,
1020294,N,Y,Y,,N,UN,,,
1021067,N,N,N,Y,N,UN,,,
1021362,N,N,N,,N,UN,,,
1023092,N,N,N,,N,CP,,,
1023705,N,N,N,,N,UN,,,
1086901,N,N,N,,N,UN,,,
1087205,N,N,N,N,N,UN,,,
1087858,N,N,N,,N,GP,,,
1088787,N,Y,N,N,N,UN,10,,
1088810,N,N,N,,N,CP,,,
1088821,N,N,N,,N,GP,,,
1090761,N,N,N,,N,UN,,,
1091346,N,Y,Y,Y,N,UN,,,
1091508,N,N,N,N,N,UN,,,
1123456,,,,,,CP,,12,15
1123653,,,,,,UN,,,
1124003,,,,,,UN,,,
1124075,N,Y,N,N,N,UN,12,,
1124400,N,N,N,N,N,NULL,10,,
1124480,,,,,,UN,,,
1125464,N,N,N,Y,N,NULL,9,,
1125741,,,,,,CTP,,,
1126479,,,,,,UN,,,
1127300,,,,,,UN,,,
1127360,,,,,,UN,,,
1127613,,,,,,UN,,,
1127964,,,,,,CP,,,
1128112,N,N,N,N,N,UN,11,,
1128123,,,,,,UN,,,
1128270,,,,,,CP,,,
1128473,N,N,N,Y,N,UN,9,,
1128591,N,Y,N,N,N,UN,12,,
1128805,,,,,,UN,,,
1129502,,,,,,UN,,12,12
1129635,,,,,,CTP,,12,12
1129824,N,Y,N,N,N,UN,12,,
1130122,,,,,,CP,,,
1130156,,,,,,VP,,12,16
1130460,,,,,,GP,,15,15
1130796,N,N,N,Y,N,UN,12,,
1130942,,,,,,UN,,,
1149417,N,N,N,N,N,UN,12,,
1149477,,,,,,UN,,,
1149563,,,,,,UN,,,
1149620,,,,,,UN,,,
1149679,,,,,,CTP,,,
1149689,,,,,,CP,,,
1062519,N,Y,N,N,N,UN,12,,
1063247,N,Y,N,,N,TP,,,
1063877,N,N,N,,N,CTP,,,
1064200,N,N,N,N,N,UN,,,
1064483,N,N,N,N,N,UN,,,
1064804,N,N,N,,N,UN,,,
1065290,N,N,N,,N,UN,,,
1065760,N,N,N,N,N,UN,,,
1066241,N,N,N,,N,UN,,,
1066423,N,N,N,,N,CP,,,
1067921,N,Y,Y,Y,Y,CP,10,,
1068476,N,N,N,N,N,UN,,,
1099944,N,N,N,,N,UN,,,
1101394,N,N,N,N,N,UN,,,
1102137,N,N,N,N,N,NULL,,,
1102581,N,N,N,,N,CP,,,
1103313,N,N,N,N,N,NULL,,,
1103923,N,N,N,,N,UN,,,
1104434,N,N,N,,N,UN,,,
1104623,N,N,N,,N,UN,,,
1105544,N,N,N,,N,CP,,,
1105745,N,N,N,N,N,UN,,,
1105799,N,N,N,Y,N,UN,14,,
1131511,,,,,,UN,,,
1131663,,,,,,UN,,,
1131794,N,N,N,N,N,UN,12,,
1131794,N,N,N,N,N,UN,12,,
1131824,,,,,,CP,,12,12
1132031,,,,,,CP,,,
1132194,,,,,,UN,,,
1132632,,,,,,CTP,,,
1132734,,,,,,OT,,12,16
1132927,,,,,,UN,,,
1134244,N,Y,N,N,N,UN,11,,
1134501,,,,,,UN,,,
1134809,,,,,,UN,,,
1135005,,,,,,UN,,12,16
1135029,,,,,,CP,,,
1136112,,,,,,UN,,,
1136887,,,,,,CP,,12,12
1136887,,,,,,CP,,12,12
1136918,,,,,,UN,,,
1137143,,,,,,UN,,,
1137241,,,,,,UN,,,
1137477,,,,,,GP,,,
1137522,,,,,,CP,,,
1138245,,,,,,UN,,,
1138319,,,,,,GP,,12,--
1138456,,,,,,CP,,12,12
1138506,,,,,,UN,,,
1138759,,,,,,NULL,,,
1139119,,,,,,CP,,17,16
1139236,N,N,N,N,N,UN,10,,
1139296,,,,,,UN,,,
1139659,,,,,,UN,,,
1139741,,,,,,UN,,,
1139743,,,,,,UN,,,
1139744,,,,,,UN,,,
1139788,,,,,,UN,,,
1139910,,,,,,CP,,,
1140068,,,,,,UN,,,
1140179,,,,,,UN,,12,13
1140266,,,,,,UN,,,
1140273,,,,,,UN,,,
1070293,N,N,N,N,N,NULL,,,
1070767,N,N,N,N,N,UN,,,
1071112,N,N,N,,N,CTP,,,
1072795,N,N,N,,N,NULL,,,
1073259,N,N,N,N,N,UN,11,,
1073322,N,N,N,Y,N,UN,12,,
1073443,N,N,N,,N,CP,,12,12
1073580,N,N,N,,N,TUP,,,
1075293,N,N,N,,N,UN,,,
1075763,N,N,N,Y,N,UN,--,10,12
1075773,N,N,N,,N,UN,,,
1076655,N,N,N,,N,UN,,,
1077661,N,N,N,,N,UN,,,
1077950,N,N,N,,N,UN,,,
1078878,N,Y,Y,,N,UN,--,,
1079137,N,N,N,,N,UN,,,
1079156,N,N,N,,N,UN,,,
1079305,N,N,N,,N,OT,,,
1080052,N,N,N,,N,UN,,,
1080479,N,N,N,N,N,NULL,,,
1080483,N,N,N,,N,OP,,,
1080971,N,N,N,Y,N,UN,12,,
1082088,N,N,N,,N,CP,,12,12
1082675,N,N,N,,N,GP,,,
1083082,Y,N,N,N,N,UN,,,
1083226,N,N,N,,N,VP,,,
1107720,N,N,N,N,N,UN,,,
1108808,N,N,N,N,N,UN,,,
1110390,N,N,N,N,N,UN,10,,
1111460,N,N,N,,N,NULL,,,
1111811,N,N,N,N,N,UN,,,
1111874,N,N,N,N,N,UN,,,
1111985,N,N,N,,N,GP,16,,
1112234,N,N,N,,N,GP,,,
1112450,N,N,N,,N,UN,,,
1112685,N,N,N,,N,UN,,,
1113212,,,,,,UN,,,
1113500,,,,,,TP,,,
1113501,,,,,,UN,,,
1113722,,,,,,GP,,,
1114204,,,,,,UN,,,
1156700,,,,,,VP,,,
1156720,,,,,,GP,,,
1156725,,,,,,UN,,,
1156754,,,,,,UN,,,
1156769,,,,,,UN,,,
1156774,,,,,,UN,,,
1156784,,,,,,UN,,,
1156850,,,,,,UN,,,
1156862,,,,,,CP,,,
1156966,,,,,,VP,,,
1156973,,,,,,UN,,,
1156998,,,,,,UN,,,
1157017,,,,,,UN,,,
1157072,,,,,,UN,,,
1157108,,,,,,VP,,,
1157109,,,,,,CP,,,
1157274,,,,,,UN,,,
1157285,,,,,,GP,,,
1157344,,,,,,UN,,,
1157346,,,,,,UN,,,
1157351,,,,,,UN,,,
1157352,,,,,,UN,,,
1157353,,,,,,UN,,,
1157369,,,,,,UN,,,
1157371,,,,,,UN,,,
1062551,N,N,N,Y,N,UN,12,,
1062635,N,N,N,N,N,UN,,,
1063609,N,N,N,,N,CAP,,,
1064251,N,N,N,,N,UN,,,
1064970,N,N,N,N,N,CP,,,
1065551,N,Y,N,Y,N,NULL,3,,
1065727,N,N,Y,Y,N,GP,9,12,12
1066235,N,N,N,,N,UN,,,
1066371,N,N,N,,N,UN,,,
1066831,N,Y,Y,Y,N,UN,11,,
1066990,N,N,N,N,N,UN,,,
1067224,N,N,N,,N,UN,,,
1067268,N,Y,N,,N,UN,,,
1067268,N,Y,N,,N,UN,,,
1068070,N,N,N,N,N,UN,,,
1068615,N,N,N,N,N,UN,,,
1068718,N,Y,N,Y,N,GP,12,12,15
1069316,N,N,N,N,N,UN,,,
1069394,N,N,N,,N,GP,,,
1098978,N,N,N,,N,GP,,,
1099356,N,N,N,Y,N,NULL,,,
1099422,N,N,N,,N,CP,,,
1100874,N,N,N,,N,GP,,,
1100881,N,N,N,Y,Y,UN,12,,
1102394,N,Y,N,Y,N,NULL,11,,
1102503,N,N,N,N,N,NULL,,,
1102797,N,N,N,,N,UN,,,
1102870,N,N,N,,N,CP,,12,15
1103101,N,N,N,N,N,OP,12,,
1103822,N,N,N,N,N,NULL,,,
1104228,N,N,N,N,N,GP,,,
1104319,N,N,N,Y,N,UN,,,
1104402,N,N,N,,N,CP,,,
1104968,N,N,N,,N,UN,,,
1105880,N,N,N,,N,UN,,,
1131564,,,,,,UN,,,
1132365,,,,,,CP,,,
1132506,N,N,N,N,N,UN,11,,
1132684,N,Y,N,N,N,UN,9,,
1132955,N,Y,N,N,N,UN,10,,
1133388,N,Y,N,N,N,UN,10,,
1133690,N,N,N,N,N,UN,9,,
1134163,,,,,,UN,,,
1135818,,,,,,UN,,,
1136424,N,Y,N,N,Y,NULL,12,,
1137195,,,,,,TP,,,
1137702,,,,,,GP,,12,12
1138247,,,,,,GP,,15,15
1138445,,,,,,UN,,,
1138630,,,,,,UN,,,
1138901,N,N,N,N,N,UN,11,,
1138901,N,N,N,N,N,UN,11,,
1139575,,,,,,UN,,,
1139736,N,Y,N,N,N,UN,10,12,15
1139775,,,,,,CTP,,,
1139906,,,,,,GP,,12,12
1140224,,,,,,UN,,,
1140268,,,,,,UN,,,
1069802,N,N,N,,N,GP,,9,15
1070006,N,N,N,,N,UN,,,
1070713,N,N,N,N,N,NULL,,,
1070826,N,N,N,,N,GP,,,
1071531,N,N,N,N,N,UN,11,,
1071645,N,N,N,,N,GP,,,
1071688,N,N,N,,N,UN,,,
1071803,N,N,N,,N,UN,,,
1071868,N,N,N,N,N,UN,,,
1072758,N,N,N,Y,N,GP,12,,
1072847,N,N,N,,N,UN,,,
1072867,N,N,N,,N,UN,,,
1073043,N,N,N,,N,NULL,,,
1073306,N,N,N,,N,CTP,,,
1076029,N,N,N,N,N,UN,,,
1076688,N,N,N,,N,UN,,,
1076835,N,N,N,,N,UN,,,
1076909,N,Y,N,,N,UN,,,
1077230,N,N,N,,N,UN,,,
1077693,N,Y,N,,N,NULL,,,
1077977,N,N,N,N,N,NULL,,,
1078836,N,N,N,,N,UN,,,
1078886,N,N,N,,N,UN,,,
1079311,N,N,N,N,N,UN,,,
1080328,N,N,N,,N,UN,,,
1081669,N,N,N,,N,UN,,,
1082265,N,N,N,,N,UN,12,12,11
1082265,N,N,N,,N,UN,12,12,11
1082575,N,N,N,,N,CTP,,12,15
1082610,N,N,N,,N,UN,,,
1083699,N,N,N,,N,CP,,,
1083993,N,N,N,,N,UN,,,
1106544,N,N,N,,N,CP,,,
1107230,N,N,N,N,N,VP,,,
1107484,N,N,N,N,N,UN,,,
1107553,N,N,N,,N,GP,,,
1108287,N,N,N,N,N,UN,,,
1108544,N,N,N,,N,UN,,,
1109321,N,Y,N,,N,UN,,,
1109905,N,N,N,,N,GP,12,,
1110448,N,N,N,,N,UN,,12,16
1110902,N,Y,N,,N,NULL,,,
1111453,N,Y,Y,,N,UN,,,
1112265,N,N,N,,N,GP,,,
1113334,N,Y,N,Y,N,UN,10,,
1113817,,,,,,CTP,,,
1156668,,,,,,GP,,12,--
1156686,,,,,,UN,,,
1156692,,,,,,UN,,,
1156694,,,,,,GP,,,
1156766,,,,,,UN,,,
1156782,,,,,,UN,,,
1156792,,,,,,GP,,,
1156801,,,,,,TP,,,
1156843,,,,,,VP,,,
1156866,,,,,,CTP,,,
1156881,,,,,,CP,,,
1156914,,,,,,CP,,,
1156950,,,,,,UN,,,
1156960,,,,,,CP,,,
1156969,,,,,,GP,,,
1156975,,,,,,UN,,,
1156979,,,,,,UN,,,
1156993,,,,,,UN,,,
1157002,,,,,,UN,,,
1157048,,,,,,UN,,,
1157068,,,,,,UN,,12,12
1157124,,,,,,CP,,,
1157220,,,,,,UN,,,
1157336,,,,,,CP,,,
1157374,,,,,,UN,,,
1157388,,,,,,UN,,,
1157389,,,,,,UN,,,
1157403,,,,,,UN,,,
1157415,,,,,,UN,,,
1157416,,,,,,UN,,,
1157417,,,,,,UN,,,
1157428,,,,,,UN,,,
1157429,,,,,,UN,,,
1157439,,,,,,UN,,,
1157440,,,,,,UN,,10,12
1157556,,,,,,UN,,,
1157628,N,Y,N,N,N,OP,12,,
1157673,,,,,,UN,,,
1157755,,,,,,UN,,,
1157879,,,,,,UN,,,
1157900,,,,,,UN,,,
1157901,,,,,,UN,,,
1157913,,,,,,UN,,,
1158070,N,N,N,N,N,NULL,8,,
1158085,,,,,,UN,,,
1158190,,,,,,UN,,,
1158246,,,,,,CP,,16,16
1158246,,,,,,CP,,16,16
1158276,,,,,,CP,,12,12
1158373,,,,,,UN,,15,15
1158400,,,,,,CP,,,
1158438,N,N,N,N,N,UN,11,,
1158446,,,,,,UN,,,
1158460,,,,,,CP,,16,12
1158463,,,,,,UN,,15,12
1158480,,,,,,UN,,,
1158498,N,N,N,N,N,UN,12,,
1158575,,,,,,TP,,10,12
1158614,,,,,,GP,,12,14
1158655,,,,,,CP,,15,12
1158676,,,,,,OT,,16,15
1158676,,,,,,OT,,16,15
1158696,,,,,,UN,,,
1158712,,,,,,CP,,12,15
1158743,,,,,,CP,,16,--
1158756,,,,,,CP,,16,16
1158773,,,,,,CP,,,
1158810,,,,,,CTP,,12,15
1158812,,,,,,CP,,,
1158820,,,,,,UN,,16,15
1158830,,,,,,CP,,17,16
1158831,,,,,,UN,,12,15
1158858,,,,,,CP,,16,16
1158896,,,,,,CP,,,
1158898,,,,,,UN,,,
1158922,,,,,,GP,,,
1158985,,,,,,GP,,12,12
1159029,,,,,,GP,,,
1159029,,,,,,GP,,,
1159030,,,,,,UN,,12,12
1159117,,,,,,CP,,15,17
1159134,,,,,,UN,,17,17
1159253,,,,,,GP,,12,16
0078796,N,N,N,N,N,UN,,,
0078843,N,N,N,,N,UN,,,
0079130,N,N,N,N,N,UN,,,
0079192,N,N,N,,N,GP,15,,
0079192,N,N,N,,N,GP,15,,
0079412,N,N,N,,N,GP,,,
0079456,N,N,N,,N,VP,,,
1018011,N,N,N,,N,CTP,,,
1018633,N,N,N,N,N,UN,,,
1019827,N,N,N,N,N,UN,,,
1020298,N,N,N,,N,UN,,,
1020493,N,N,N,Y,N,NULL,12,,
1020858,N,Y,N,Y,N,UN,12,,
1021630,N,N,N,N,N,UN,,,
1022614,N,N,N,,N,GP,,,
1022934,N,N,N,,N,UN,,,
1022990,N,N,N,,N,CP,,,
1023326,N,N,N,,N,CAP,,,
1085879,N,N,N,,N,GP,,,
1085902,N,Y,N,N,N,UN,11,,
1087027,N,N,N,,N,UN,,,
1087775,N,N,N,,N,CP,,,
1087803,N,N,N,,N,UN,,,
1087992,N,N,N,,N,UN,,,
1088438,N,N,N,N,N,NULL,,,
1088750,N,N,N,,N,UN,,,
1088900,N,N,N,Y,N,UN,12,,
1089355,N,N,N,,N,GP,,,
1089505,N,N,N,N,N,UN,,,
1089982,N,N,N,,N,UN,,,
1089982,N,N,N,,N,UN,,,
1090074,N,N,N,N,N,UN,11,,
1090082,N,N,N,N,N,NULL,,,
1123537,,,,,,UN,,,
1123999,,,,,,UN,,,
1124047,,,,,,UN,,,
1124054,,,,,,CP,,,
1124134,,,,,,UN,,,
1124237,,,,,,CP,,,
1124239,,,,,,UN,,,
1124239,,,,,,UN,,,
1124877,,,,,,CAP,,,
1125002,,,,,,CTP,,,
1125109,,,,,,UN,,15,16
1125209,,,,,,UN,,14,12
1125235,,,,,,UN,,,
1125285,N,N,N,N,N,UN,11,,
1125934,,,,,,UN,,,
1126645,N,Y,N,N,N,OP,12,,
1127176,,,,,,UN,,,
1127429,N,N,N,N,N,UN,--,,
1128063,,,,,,UN,,,
1128577,N,N,N,Y,N,UN,8,,
1129093,,,,,,CTP,,12,15
1129185,,,,,,UN,,,
1129779,,,,,,UN,,,
1129812,,,,,,UN,,,
1130196,,,,,,UN,,,
1130266,,,,,,CP,,12,16
1130548,,,,,,UN,,,
1130579,,,,,,UN,,,
1130873,,,,,,UN,,,
1130898,,,,,,CP,,16,12
1131125,,,,,,UN,,,
1149370,,,,,,UN,,,
1149641,,,,,,TP,,,
1149808,,,,,,UN,,,
1149818,,,,,,UN,,,
1149836,,,,,,UN,,,
1149848,,,,,,UN,,,
1149849,,,,,,UN,,,
1157349,,,,,,UN,,,
1157366,,,,,,UN,,,
1157376,,,,,,UN,,,
1157378,,,,,,UN,,,
1157386,,,,,,UN,,,
1157393,,,,,,CP,,,
1157427,,,,,,UN,,,
1157432,,,,,,UN,,,
1157442,,,,,,UN,,,
1157486,,,,,,UN,,,
1157488,,,,,,UN,,,
1157501,,,,,,CP,,,
1157528,N,N,N,N,N,UN,12,,
1157539,,,,,,GP,,,
1157541,,,,,,UN,,,
1157563,N,N,N,N,N,OP,12,,
1157576,,,,,,UN,,,
1157609,,,,,,CTP,,,
1157624,,,,,,GP,,,
1157698,,,,,,CP,,,
1157708,,,,,,UN,,,
1157733,,,,,,GP,,,
1157801,,,,,,UN,,,
1157802,,,,,,UN,,,
1157830,,,,,,UN,,12,11
1157839,,,,,,CP,,,
1157971,,,,,,UN,,,
1158029,N,N,N,N,N,UN,12,,
1158055,,,,,,GP,,12,12
1158071,N,N,N,N,N,NULL,8,,
1158073,,,,,,UN,,,
1158096,,,,,,UN,,,
1158132,,,,,,GP,,,
1158182,,,,,,CP,,,
1158226,,,,,,UN,,,
1158242,N,N,N,N,N,NULL,10,,
1158291,N,N,N,N,N,UN,--,,
1158357,,,,,,CP,,,
1158457,,,,,,UN,,16,14
1158514,N,N,N,N,N,UN,12,,
1158520,,,,,,CTP,,,
1158526,,,,,,CP,,12,14
1158543,,,,,,CP,,,
1158556,N,N,N,N,N,UN,9,16,16
1158567,,,,,,UN,,,
1158571,,,,,,CP,,16,16
1158610,,,,,,CP,,,
1158627,,,,,,GP,,,
1158644,,,,,,CP,,17,17
1158644,,,,,,CP,,17,17
1158661,,,,,,GP,,14,15
1158672,,,,,,UN,,,
1158708,,,,,,OT,,,
0078884,N,N,N,,N,UN,,,
0078935,N,N,N,,N,UN,,,
0080608,N,N,N,,N,GP,,,
0080960,N,N,N,,N,GP,,,
0405333,N,N,N,,N,GP,,,
1017630,N,N,N,,N,TUP,,,
1018320,N,Y,Y,N,N,NULL,9,,
1018539,N,N,N,N,N,GP,,,
1019425,N,N,N,N,N,UN,,,
1020405,N,N,N,Y,N,UN,,,
1020652,N,N,N,N,N,NULL,,,
1021524,N,N,N,N,N,UN,,,
1022112,N,N,N,,N,UN,,,
1022761,N,N,N,,N,NULL,,,
1023649,N,N,N,N,N,NULL,,,
1084621,N,N,N,,N,CP,,10,12
1085660,N,N,N,,N,UN,,10,9
1086839,N,N,N,N,N,UN,,,
1087401,N,Y,Y,N,N,UN,9,,
1087982,N,Y,N,,N,UN,,,
1089232,N,N,N,,N,GP,,12,8
1089703,N,N,N,,N,CP,,,
1089912,N,N,N,,N,UN,,,
1090379,N,N,N,N,Y,UN,,,
1090551,N,N,N,N,N,UN,,,
1090903,N,N,N,,N,UN,,--,12
1091010,N,Y,Y,,N,GP,,,
1091349,N,N,N,N,N,UN,,,
1123567,,,,,,UN,,,
1123954,,,,,,UN,,,
1124225,N,N,N,N,Y,UN,10,,
1124299,,,,,,UN,,,
1124700,,,,,,UN,,11,12
1124862,,,,,,CTP,,,
1125483,,,,,,UN,,,
1126242,,,,,,UN,,,
1126342,,,,,,CP,,,
1126400,,,,,,UN,,,
1126440,,,,,,UN,,,
1127642,,,,,,UN,,,
1128111,N,N,N,N,N,UN,12,,
1128181,N,N,N,N,N,UN,15,,
1128262,,,,,,UN,,,
1128336,N,N,N,N,N,UN,9,,
1129873,,,,,,UN,,,
1130987,,,,,,CTP,,,
1149355,,,,,,UN,,11,12
1149427,,,,,,UN,,,
1149446,,,,,,CP,,,
1149506,,,,,,UN,,,
1149766,,,,,,GP,,,
1149802,,,,,,UN,,,
1149805,,,,,,UN,,,
1149811,,,,,,UN,,,
1149813,,,,,,UN,,,
1149814,,,,,,UN,,,
1149834,,,,,,UN,,,
1149843,,,,,,UN,,,
1149877,,,,,,UN,,,
1149959,,,,,,GP,,,
1150120,,,,,,UN,,,
1150189,,,,,,CP,,,
1150217,,,,,,UN,,,
1150295,,,,,,UN,,14,15
1150323,,,,,,UN,,,
1150470,,,,,,CP,,12,12
1150571,,,,,,VP,,,
1150623,,,,,,UN,,,
1150727,,,,,,UN,,,
1150882,,,,,,UN,,,
1150900,,,,,,UN,,,
1150926,,,,,,UN,,,
1150942,,,,,,UN,,,
1150984,,,,,,UN,,,
1151050,,,,,,UN,,,
1151117,,,,,,UN,,,
1151537,,,,,,UN,,5,--
1151640,,,,,,CP,,,
1149856,,,,,,UN,,,
1149858,,,,,,UN,,,
1149888,,,,,,UN,,,
1149914,,,,,,UN,,,
1149990,,,,,,GP,,,
1150021,,,,,,GP,,,
1150030,,,,,,UN,,,
1150100,,,,,,CP,,,
1150292,,,,,,CTP,,,
1150397,,,,,,UN,,,
1150465,,,,,,UN,,14,15
1150528,,,,,,UN,,,
1150563,,,,,,UN,,,
1150653,,,,,,VP,,,
1150716,,,,,,UN,,,
1150868,,,,,,UN,,,
1151089,,,,,,UN,,,
1151165,,,,,,UN,,,
1151278,,,,,,UN,,,
1151329,,,,,,CP,,,
1151367,,,,,,UN,,,
1151426,,,,,,UN,,,
1151596,,,,,,UN,,16,--
1151596,,,,,,UN,,16,--
1151597,,,,,,UN,,,
1151708,,,,,,UN,,,
1151889,,,,,,CP,,12,16
1151899,,,,,,VP,,12,15
1151905,,,,,,UN,,,
1151953,,,,,,GP,,12,15
1151997,,,,,,UN,,,
1152142,N,Y,N,N,N,UN,11,,
1152252,,,,,,TP,,,
1152323,N,N,Y,N,N,CP,12,,
1152496,,,,,,UN,,,
1152819,N,N,N,N,N,UN,--,,
1152819,N,N,N,N,N,UN,--,,
1152876,,,,,,UN,,,
1152971,,,,,,UN,,,
1153046,,,,,,GP,,,
1153055,,,,,,UN,,,
1153113,N,Y,Y,Y,N,UN,6,,
1153152,,,,,,UN,,,
1153236,N,Y,N,N,Y,UN,12,,
1153236,N,Y,N,N,Y,UN,12,,
1153244,,,,,,CTP,,,
1153257,,,,,,UN,,16,17
1153388,N,N,N,N,N,UN,11,,
1153661,,,,,,GP,,,
1153662,,,,,,UN,,,
1153688,,,,,,UN,,,
1153689,,,,,,UN,,,
1153699,,,,,,UN,,,
1153700,,,,,,UN,,,
1153808,,,,,,UN,,,
1153853,,,,,,UN,,,
1153854,,,,,,UN,,,
1153861,,,,,,UN,,,
1153862,,,,,,UN,,,
1154325,,,,,,CP,,,
1154460,,,,,,UN,,,
1154484,N,,N,,,NULL,10,,
1154596,,,,,,CP,,17,16
1154596,,,,,,CP,,17,16
1154845,,,,,,CP,,14,14
1155059,,,,,,VP,,,
1155113,,,,,,UN,,,
1155134,,,,,,UN,,,
1155155,,,,,,GP,,,
1155206,,,,,,UN,,11,15
1155222,,,,,,CP,,,
1155244,,,,,,CP,,,
1155280,,,,,,CP,,,
1155325,,,,,,TP,,,
1155378,,,,,,UN,,,
1155399,,,,,,GP,,,
1155454,,,,,,GP,,,
1155486,,,,,,CP,,,
1155530,,,,,,UN,,,
1155545,,,,,,CP,,,
1155633,,,,,,UN,,,
1155693,,,,,,UN,,,
1155697,,,,,,CTP,,,
1155820,,,,,,UN,,,
1155852,,,,,,UN,,,
1155852,,,,,,UN,,,
1155853,,,,,,GP,,,
1155854,,,,,,CTP,,16,12
1155966,,,,,,UN,,,
1155992,,,,,,UN,,,
1156022,,,,,,GP,,,
1156069,,,,,,CP,,,
1156108,,,,,,UN,,,
1156127,,,,,,TP,,,
1156154,,,,,,UN,,,
1156178,,,,,,UN,,,
1156345,,,,,,UN,,,
1156378,N,N,N,N,N,UN,11,,
1156428,,,,,,UN,,,
1156429,,,,,,UN,,,
1156489,,,,,,CP,,,
1156518,N,N,N,N,N,CP,10,12,12
1156519,N,N,N,N,N,GP,10,16,17
1156528,,,,,,UN,,,
1156575,,,,,,UN,,,
1156576,,,,,,UN,,,
1156631,,,,,,UN,,,
1156631,,,,,,UN,,,
1159277,,,,,,CTP,,,
1159277,,,,,,CTP,,,
1159310,,,,,,VP,,15,12
1159326,,,,,,CP,,,
1159346,N,N,N,N,N,NULL,8,,
1159363,,,,,,GP,,14,14
1159404,N,N,N,N,N,CP,12,15,12
1159433,,,,,,GP,,,
1159435,,,,,,CP,,,
1159465,,,,,,UN,,,
1159492,,,,,,UN,,,
1159493,N,Y,N,N,N,UN,--,,
1159495,,,,,,UN,,,
1159536,,,,,,CTP,,12,15
1159595,,,,,,UN,,,
1159632,,,,,,UN,,16,16
1159646,,,,,,UN,,,
1159647,,,,,,UN,,,
1159680,,,,,,CP,,,
1159681,,,,,,GP,,15,16
1159745,,,,,,UN,,,
1159766,,,,,,UN,,,
1159767,,,,,,UN,,,
1159787,,,,,,UN,,,
1151883,,,,,,UN,,,
1151895,,,,,,CP,,,
1151950,,,,,,UN,,,
1152057,,,,,,UN,,,
1152079,,,,,,UN,,,
1152177,,,,,,CP,,12,12
1152200,,,,,,GP,,15,15
1152238,,,,,,UN,,,
1152345,,,,,,UN,,,
1152415,,,,,,UN,,,
1152440,,,,,,UN,,,
1152456,,,,,,UN,,,
1152527,,,,,,UN,,,
1152547,,,,,,UN,,,
1152852,,,,,,UN,,,
1152853,,,,,,UN,,,
1152882,,,,,,UN,,,
1153044,,,,,,GP,,,
1153095,,,,,,UN,,,
1153117,,,,,,UN,,,
1153193,,,,,,UN,,,
1153230,,,,,,UN,,,
1153235,,,,,,UN,,,
1153459,,,,,,GP,,,
1153673,,,,,,UN,,,
1153685,,,,,,UN,,,
1153687,,,,,,UN,,,
1153693,,,,,,UN,,,
1153693,,,,,,UN,,,
1153694,,,,,,UN,,,
1153704,,,,,,UN,,,
1153782,,,,,,UN,,,
1153806,,,,,,UN,,,
1153824,,,,,,UN,,,
1153872,,,,,,CP,,,
1153872,,,,,,CP,,,
1153943,,,,,,CP,,,
1153957,,,,,,UN,,,
1153969,,,,,,CP,,,
1153981,,,,,,UN,,,
1154019,,,,,,UN,,,
1154074,N,Y,N,,N,UN,12,,
1154117,,,,,,UN,,,
1154253,,,,,,UN,,,
1154321,,,,,,UN,,,
1154387,,,,,,UN,,,
1154415,,,,,,UN,,,
1154430,,,,,,UN,,,
1154465,,,,,,UN,,--,15
1154677,,,,,,UN,,,
1154685,,,,,,GP,,,
1154761,N,N,N,N,N,UN,11,,
1154783,,,,,,CTP,,12,13
1154785,,,,,,UN,,16,17
1154827,,,,,,UN,,,
1154974,,,,,,CP,,,
1154993,,,,,,UN,,,
1155007,,,,,,CP,,,
1155017,,,,,,UN,,,
1155037,,,,,,GP,,,
1155219,,,,,,UN,,,
1155284,,,,,,GP,,11,12
1155341,,,,,,TP,,,
1155348,,,,,,UN,,,
1155415,,,,,,CP,,,
1155440,,,,,,UN,,,
1155461,,,,,,UN,,,
1155593,N,Y,N,N,Y,NULL,16,,
1155653,,,,,,CP,,,
1155739,,,,,,UN,,,
1155928,,,,,,UN,,,
1156010,,,,,,UN,,,
1156098,,,,,,UN,,,
1156102,,,,,,UN,,,
1156152,,,,,,CP,,,
1156411,,,,,,UN,,,
1156443,,,,,,UN,,,
1156467,,,,,,GP,,,
1156467,,,,,,GP,,,
1156492,,,,,,UN,,,
1156492,,,,,,UN,,,
1156517,,,,,,UN,,,
1156569,,,,,,UN,,,
1156577,,,,,,UN,,,
1156580,,,,,,UN,,,
1156580,,,,,,UN,,,
1156596,,,,,,CP,,,
1156605,,,,,,CP,,,
1158764,,,,,,CP,,,
1158791,,,,,,UN,,,12
1158803,,,,,,CP,,12,12
1158827,,,,,,GP,,12,12
1158835,,,,,,CP,,12,16
1158837,,,,,,GP,,17,12
1158921,,,,,,GP,,,
1158924,,,,,,CP,,,
1158988,,,,,,UN,,12,12
1159022,,,,,,CP,,11,12
1159022,,,,,,CP,,11,12
1159121,,,,,,CP,,16,16
1159126,N,N,N,N,Y,NULL,12,,
1159128,,,,,,UN,,,
1159355,,,,,,CP,,,
1159357,,,,,,CTP,,15,13
1159367,N,Y,N,N,N,NULL,10,,
1159373,,,,,,UN,,,
1159393,,,,,,CP,,17,16
1159401,,,,,,UN,,,
1159417,,,,,,CP,,12,12
1159426,,,,,,CP,,13,13
1159441,,,,,,UN,,,
1159453,,,,,,UN,,,
1159510,,,,,,CP,,16,16
1159546,,,,,,GP,,15,12
1159548,,,,,,UN,,,
1159601,,,,,,UN,,--,12
1159673,,,,,,UN,,,
1159701,N,N,N,N,Y,NULL,12,,
1159738,N,N,N,N,N,GP,12,,
1159755,,,,,,UN,,12,12
1159763,,,,,,CP,,14,15
1159789,,,,,,UN,,,
1159838,,,,,,UN,,,
1159847,,,,,,UN,,,
1159855,,,,,,UN,,,
1159865,,,,,,CP,,,
1159870,,,,,,GP,,12,16
1159916,,,,,,UN,,,
1159922,,,,,,GP,,,
1159924,N,N,N,N,N,NULL,11,,
1159949,,,,,,UN,,,
1159950,,,,,,UN,,,
1149777,,,,,,NULL,,,
1149806,,,,,,UN,,,
1149812,,,,,,UN,,,
1149819,,,,,,UN,,,
1149835,,,,,,UN,,,
1149837,,,,,,UN,,,
1149842,,,,,,UN,,,
1149844,,,,,,UN,,,
1149885,,,,,,UN,,,
1149885,,,,,,UN,,,
1149887,,,,,,UN,,,
1150031,,,,,,UN,,,
1150211,,,,,,UN,,,
1150218,N,N,N,N,N,UN,8,,
1150296,,,,,,GP,,,
1150389,,,,,,UN,,,
1150407,N,Y,N,N,N,UN,12,,
1150418,,,,,,UN,,,
1150681,N,N,N,N,N,UN,11,,
1150728,,,,,,UN,,,
1150742,,,,,,UN,,,
1150867,,,,,,CTP,,,
1150901,,,,,,UN,,,
1151185,,,,,,CP,,,
1151354,,,,,,UN,,,
1151543,,,,,,CP,,17,10
1151646,,,,,,VP,,,
1151658,,,,,,CTP,,,
1151986,,,,,,CP,,12,15
1152223,,,,,,UN,,,
1152318,N,Y,N,N,N,UN,9,,
1152335,,,,,,CP,,,
1152346,,,,,,UN,,,
1152392,,,,,,UN,,,
1152405,,,,,,CP,,,
1152448,,,,,,UN,,,
1152620,,,,,,CTP,,,
1152697,,,,,,UN,,,
1152728,,,,,,UN,,,
1152804,,,,,,UN,,15,15
1152833,,,,,,UN,,12,15
1152866,,,,,,UN,,,
1152893,,,,,,CTP,,,
1153004,,,,,,UN,,,
1153043,,,,,,CP,,,
1153085,,,,,,UN,,,
1153232,,,,,,UN,,,
1153300,,,,,,CP,,,
1153485,,,,,,UN,,,
1153639,,,,,,UN,,,
1153664,,,,,,UN,,,
1153675,,,,,,UN,,,
1153679,,,,,,UN,,,
1153684,,,,,,UN,,,
1153692,,,,,,UN,,,
1153695,,,,,,UN,,,
1153778,,,,,,UN,,,
1153807,,,,,,UN,,,
1153837,,,,,,UN,,,
1153850,,,,,,VP,,,
1153851,N,N,N,N,N,CP,12,,
1153901,,,,,,UN,,,
1153917,,,,,,GP,,,
1153930,,,,,,UN,,,
1153937,,,,,,TP,,,
1153961,,,,,,GP,,,
1154106,,,,,,UN,,,
1154116,,,,,,UN,,,
1154153,,,,,,UN,,,
1154181,,,,,,CP,,17,17
1154184,,,,,,CP,,,
1154235,,,,,,UN,,,
1154277,,,,,,GP,,,
1154284,N,N,N,N,N,UN,10,,
1154395,,,,,,TP,,,
1154395,,,,,,TP,,,
1154407,,,,,,GP,,--,15
1154604,,,,,,CP,,,
1154606,,,,,,CP,,,
1154668,,,,,,TP,,,
1154692,N,Y,N,N,N,UN,8,,
1154833,,,,,,GP,,14,14
1154964,,,,,,UN,,,
1155099,,,,,,UN,,,
1155124,,,,,,CP,,,
1155135,,,,,,UN,,,
1155135,,,,,,UN,,,
1155138,,,,,,CP,,,
1155146,,,,,,CP,,,
1155151,,,,,,CP,,,
1155161,,,,,,CP,,,
1155163,,,,,,CP,,,
1155200,,,,,,UN,,14,12
1155203,,,,,,CP,,,
1155217,,,,,,UN,,,
1155221,,,,,,UN,,,
1155232,,,,,,UN,,,
1155247,,,,,,CP,,16,17
1155294,,,,,,GP,,,
1155323,,,,,,CP,,,
1155328,,,,,,CP,,,
1155370,N,N,N,N,N,CP,12,,
1155375,,,,,,UN,,,
1155384,,,,,,UN,,,
1155456,,,,,,UN,,,
1155497,,,,,,UN,,,
1155535,,,,,,UN,,,
1155583,,,,,,CP,,,
1155615,,,,,,CP,,,
1155673,,,,,,UN,,,
1155735,,,,,,GP,,,
1155796,N,Y,N,N,N,UN,12,,
1155806,,,,,,GP,,,
1155821,,,,,,UN,,,
1155844,N,N,N,N,N,UN,9,,
1155916,,,,,,UN,,,
1155952,,,,,,UN,,,
1155988,,,,,,CP,,17,17
1156103,,,,,,UN,,,
1156128,,,,,,CP,,,
1156287,,,,,,GP,,,
1156295,,,,,,CP,,,
1156343,,,,,,UN,,,
1156373,,,,,,GP,,,
1156410,,,,,,GP,,,
1156483,,,,,,UN,,,
1156516,,,,,,UN,,,
1156571,,,,,,UN,,,
1156581,,,,,,UN,,,
1156599,,,,,,GP,,,
1156606,,,,,,UN,,,
1156616,,,,,,UN,,,
1158750,,,,,,TP,,14,15
1062764,N,N,N,N,N,NULL,,,
1062808,N,N,N,,N,UN,,,
1067217,N,N,N,N,N,UN,,,
1067397,N,Y,N,Y,N,CP,15,,
1068863,N,N,N,N,N,CP,,,
1098954,N,N,N,N,Y,UN,,,
1100219,N,N,N,,N,TUP,,,
1100311,N,Y,N,,N,UN,,,
1100556,N,N,N,,N,GP,,,
1101275,N,N,N,,N,UN,,12,12
1101363,N,N,N,N,N,UN,,,
1101789,N,N,N,N,N,UN,,,
1102773,N,Y,N,,N,UN,,,
1103738,N,N,N,N,N,UN,,,
1103983,N,N,N,,N,CP,,,
1104189,N,N,N,,N,VP,,,
1104405,N,N,N,,N,UN,,,
1104774,N,N,N,,N,CP,,,
1105788,N,Y,N,,N,GP,,,
1131578,,,,,,UN,,,
1131587,N,N,N,N,N,UN,12,,
1131949,,,,,,UN,,,
1132131,N,N,N,Y,N,UN,12,,
1132552,,,,,,UN,,12,12
1132638,N,N,N,N,N,GP,11,12,12
1132674,,,,,,UN,,,
1132782,,,,,,UN,,,
1132783,,,,,,UN,,,
1133284,,,,,,UN,,,
1133308,,,,,,UN,,,
1134012,,,,,,UN,,12,12
1134012,,,,,,UN,,12,12
1134553,,,,,,CTP,,,
1134687,N,N,N,N,N,VP,12,,
1134786,,,,,,CP,,,
1135017,,,,,,UN,,9,15
1135409,,,,,,UN,,,
1136610,,,,,,UN,,,
1136656,,,,,,UN,,,
1136950,N,N,N,N,N,UN,10,,
1137121,,,,,,GP,,,
1137321,,,,,,UN,,,
1137654,N,N,N,N,N,UN,12,,
1137972,,,,,,GP,,,
1138052,,,,,,UN,,,
1138154,,,,,,OT,,9,12
1138308,N,N,N,N,N,UN,12,,
1138322,,,,,,UN,,,
1138331,,,,,,GP,,15,--
1138336,,,,,,GP,,,
1138742,,,,,,CTP,,12,12
1138884,,,,,,UN,,,
1139287,,,,,,GP,,12,15
1139539,,,,,,UN,,,
1139645,,,,,,UN,,,
1140057,,,,,,UN,,,
1070487,N,N,N,Y,N,NULL,10,,
1070487,N,N,N,Y,N,NULL,10,,
1071234,N,N,N,N,N,UN,,,
1072135,N,N,N,N,N,UN,11,,
1072459,N,N,Y,,N,TUP,,12,12
1073050,N,N,N,N,N,UN,,,
1073362,N,N,N,,N,UN,,,
1073387,N,N,N,,N,CTP,,,
1074494,N,N,N,N,N,UN,,,
1074669,N,N,Y,,N,UN,,12,12
1075159,N,N,N,,N,OT,,12,12
1075625,N,N,N,,N,UN,,,
1076955,N,N,N,,N,UN,,,
1076955,N,N,N,,N,UN,,,
1078063,N,N,N,,N,UN,,,
1078270,N,N,N,N,N,UN,,,
1078511,N,N,N,N,N,UN,,,
1078577,N,N,N,,N,UN,,,
1078813,N,N,N,,N,UN,,,
1079981,N,N,N,Y,N,UN,9,,
1080023,N,N,N,N,N,UN,,,
1080463,N,Y,N,,N,UN,,12,12
1081597,N,N,N,,N,GP,,,
1081806,N,N,N,,N,NULL,,,
1082662,N,N,N,N,N,UN,,,
1083206,N,N,N,,N,GP,,,
1084124,N,N,N,N,N,UN,,,
1106216,N,Y,Y,,N,UN,,,
1106772,N,N,N,N,N,UN,,,
1107506,N,N,N,,N,UN,,,
1107506,N,N,N,,N,UN,,,
1107612,N,N,N,N,N,UN,,,
1110361,N,N,N,,N,UN,,,
1110497,N,N,N,N,N,UN,,,
1110563,N,N,N,,N,UN,,,
1110886,N,N,N,N,N,UN,,,
1111432,N,N,N,,N,UN,,,
1112216,N,N,N,,N,GP,,,
1112349,N,N,N,N,N,UN,11,,
1113217,,,,,,CTP,,,
1113266,,,,,,GP,,,
1113361,,,,,,UN,,,
1113508,,,,,,TP,,,
1113564,,,,,,CTP,,,
1113644,,,,,,CAP,,,
1156688,,,,,,UN,,,
1156691,,,,,,UN,,,
1156734,,,,,,UN,,,
1156749,,,,,,UN,,,
1156760,,,,,,CP,,,
1156781,,,,,,UN,,,
1156857,,,,,,CP,,,
1156868,,,,,,CP,,,
1156887,,,,,,CP,,17,17
1156895,N,N,N,N,N,NULL,10,,
1156923,,,,,,CP,,,
1156951,,,,,,UN,,,
1156953,,,,,,UN,,,
1156956,,,,,,GP,,16,15
1156957,,,,,,UN,,,
1156967,,,,,,UN,,,
1156970,,,,,,CTP,,,
1156983,,,,,,UN,,,
1156984,,,,,,UN,,,
1156991,,,,,,UN,,,
1157000,N,N,N,N,N,UN,11,,
1157028,,,,,,UN,,,
1157125,,,,,,CTP,,,
1157130,,,,,,CP,,12,12
1157156,N,N,N,N,N,UN,15,,
1157224,,,,,,UN,,,
1157305,,,,,,UN,,,
1157362,,,,,,UN,,,
1159791,,,,,,UN,,,
1159792,,,,,,UN,,,
1159813,,,,,,UN,,,
1159834,,,,,,OT,,,
1159834,,,,,,OT,,,
1159836,,,,,,CP,,,
1159840,,,,,,UN,,,
1159859,,,,,,UN,,,
1159860,,,,,,UN,,,
1159861,,,,,,UN,,,
1159872,,,,,,CP,,12,16
1159904,,,,,,UN,,,
1159905,,,,,,UN,,,
1159912,,,,,,UN,,,
1159918,,,,,,UN,,,
1159926,,,,,,UN,,,
1159928,,,,,,UN,,,
1159930,,,,,,UN,,,
1159932,,,,,,UN,,,
1159942,,,,,,UN,,,
1159944,,,,,,UN,,,
1159959,,,,,,UN,,,
1159963,,,,,,UN,,,
1160049,,,,,,UN,,,
1160083,,,,,,UN,,,
1160096,,,,,,GP,,,
1160097,,,,,,CP,,12,12
1160125,,,,,,GP,,13,12
1160171,,,,,,GP,,,
1160230,,,,,,UN,,,
1160233,,,,,,GP,,12,12
1160294,,,,,,UN,,,
1160295,,,,,,UN,,,
1160315,,,,,,UN,,,
1160332,,,,,,UN,,,
1160351,,,,,,CP,,12,16
1160370,,,,,,GP,,16,16
1160418,,,,,,UN,,15,12
1160447,,,,,,CP,,12,15
1160471,,,,,,CP,,12,--
1160491,,,,,,UN,,--,12
1160492,,,,,,UN,,12,12
1160536,,,,,,GP,,12,12
1160576,,,,,,CP,,16,17
1160671,,,,,,UN,,10,11
1160729,N,Y,Y,N,N,VP,12,12,
1160729,N,Y,Y,N,N,VP,12,12,
1160819,,,,,,GP,,,
1160823,,,,,,UN,,15,12
1160869,,,,,,UN,,,
1160879,,,,,,UN,,,
1160935,,,,,,UN,,,
1160976,,,,,,UN,,,
1161146,,,,,,UN,,,
1161147,,,,,,UN,,,
1161148,,,,,,UN,,,
1161161,N,N,N,N,N,UN,15,,
1161181,,,,,,UN,,,
1161192,,,,,,UN,,,
1161193,,,,,,UN,,,
1161206,,,,,,CP,,14,13
1161215,N,N,N,N,Y,NULL,12,,
1161217,,,,,,GP,,12,12
1161221,N,N,N,N,N,NULL,9,,
1161235,,,,,,UN,,,
1161291,,,,,,UN,,,
1161321,,,,,,CP,,15,15
1161322,,,,,,UN,,,
1161347,,,,,,UN,,12,12
1161369,,,,,,GP,,,
1161386,,,,,,UN,,,
1161392,,,,,,UN,,17,12
1161392,,,,,,UN,,17,12
1161408,N,N,N,N,N,UN,9,,
1161429,,,,,,UN,,,
1161433,,,,,,UN,,,
1161434,,,,,,UN,,,
1161436,,,,,,UN,,,
1161463,,,,,,GP,,12,11
1161463,,,,,,GP,,12,11
1161484,,,,,,CP,,--,15
1161487,,,,,,UN,,17,17
1161529,,,,,,UN,,12,15
1161530,,,,,,CP,,16,16
1161540,N,N,N,N,N,UN,12,,
1161617,,,,,,OT,,,
1161620,,,,,,GP,,9,9
1161637,,,,,,CP,,,
1161638,,,,,,NULL,,,
1161641,,,,,,UN,,,
1161733,N,N,N,N,N,UN,10,,
1161762,,,,,,GP,,12,12
1161799,,,,,,GP,,,
1161826,,,,,,UN,,,
1161835,,,,,,CP,,,
1161837,,,,,,UN,,,
1161859,,,,,,CP,,,
1161859,,,,,,CP,,,
1161886,,,,,,UN,,,
1161901,N,N,N,N,N,NULL,9,,
1161920,,,,,,UN,,,
1023977,N,N,N,,N,GP,,,
1024383,N,N,N,N,N,NULL,,,
1024817,N,N,N,,N,UN,,,
1025038,N,N,N,N,N,NULL,12,,
1025379,N,N,N,N,N,UN,,,
1025432,N,N,N,,N,GP,,,
1057447,N,N,N,N,N,UN,,,
1057502,N,N,Y,N,N,UN,,,
1057789,N,N,N,,N,UN,,,
1057849,N,N,N,N,N,UN,,,
1058177,N,N,N,,N,TP,,,
1059064,N,N,N,,N,UN,,,
1060989,N,N,N,N,N,UN,16,,
1061214,N,N,N,N,N,UN,12,,
1061388,N,N,N,N,N,UN,,,
1061447,N,N,N,,N,CTP,,,
1062283,N,N,N,Y,N,UN,11,,
1062362,N,N,N,N,N,UN,,,
1092812,N,N,N,,N,NULL,,,
1093440,N,N,N,,N,UN,,,
1093988,N,N,N,,N,UN,,,
1094581,N,N,N,,N,UN,,,
1094861,N,N,N,,N,UN,,,
1095737,N,N,N,,N,UN,,,
1096866,N,N,N,,N,UN,,,
1097953,N,N,N,,N,UN,,,
1098060,N,N,N,,N,CP,,,
1098719,N,N,N,,N,UN,--,,
1114394,,,,,,UN,,,
1158762,,,,,,UN,,,
1158792,,,,,,CP,,15,15
1158881,,,,,,UN,,,
1158893,,,,,,GP,,16,16
1158901,N,Y,N,N,N,NULL,8,,
1158913,,,,,,CP,,,
1158920,,,,,,UN,,,
1158952,,,,,,GP,,--,13
1158966,,,,,,UN,,,
1159062,,,,,,UN,,,
1159120,,,,,,UN,,,
1159135,,,,,,UN,,9,11
1159137,,,,,,TP,,12,15
1159168,,,,,,UN,,,
1159188,,,,,,UN,,12,12
1159188,,,,,,UN,,12,12
1159198,,,,,,UN,,,
1159279,,,,,,CP,,,
1159283,,,,,,UN,,,
1159382,,,,,,CP,,,
1159409,,,,,,UN,,,
1159423,N,N,N,N,N,NULL,11,,
1159567,,,,,,CTP,,,
1159592,,,,,,UN,,--,12
1159674,,,,,,GP,,12,16
1159684,,,,,,GP,,,
1159725,,,,,,CP,,16,16
1159744,,,,,,UN,,12,14
1159788,,,,,,UN,,,
1159804,,,,,,UN,,,
1159820,,,,,,CP,,,
1159844,,,,,,UN,,,
1159862,,,,,,UN,,,
1159864,,,,,,UN,,,
1159896,,,,,,UN,,,
1159901,,,,,,UN,,,
1159914,,,,,,UN,,,
1159917,,,,,,UN,,,
1159948,,,,,,UN,,,
1159978,,,,,,UN,,,
1159989,,,,,,GP,,,
1160007,,,,,,UN,,,
1160013,,,,,,UN,,,
1160014,,,,,,UN,,,
1160084,,,,,,UN,,,
1160105,,,,,,GP,,12,15
1160132,,,,,,CP,,12,12
1160141,,,,,,CP,,16,16
1160156,,,,,,CP,,12,15
1160188,,,,,,UN,,,
1160227,,,,,,UN,,,
1160229,,,,,,UN,,,
1160258,,,,,,CP,,16,17
1160302,,,,,,UN,,,
1160322,,,,,,UN,,,
1160330,,,,,,UN,,,
1160337,,,,,,UN,,,
1160353,,,,,,CP,,12,16
1160472,,,,,,GP,,8,16
1160486,,,,,,UN,,,
1160535,,,,,,UN,,--,10
1160731,,,,,,NULL,,,
1160786,,,,,,UN,,,
1160805,,,,,,UN,,,
1160830,,,,,,GP,,,
1160916,,,,,,GP,,12,12
1160928,,,,,,GP,,--,--
1161041,,,,,,UN,,,
1161046,,,,,,UN,,,
1161048,,,,,,UN,,,
1161048,,,,,,UN,,,
1161092,,,,,,UN,,,
1161140,,,,,,UN,,,
1161143,,,,,,UN,,,
1161145,,,,,,UN,,,
1161149,,,,,,UN,,,
1161150,,,,,,UN,,,
1161154,,,,,,CP,,,
1161160,N,N,N,N,N,UN,10,17,15
1161160,N,N,N,N,N,UN,10,17,15
1161211,,,,,,UN,,12,12
1161218,,,,,,UN,,,
1161232,,,,,,CP,,12,12
1161255,,,,,,UN,,,
1161294,,,,,,UN,,,
1161306,,,,,,OT,,16,16
1161327,,,,,,CP,,12,11
1161371,,,,,,UN,,17,17
1161382,,,,,,UN,,10,10
1161396,,,,,,UN,,,
1161407,,,,,,GP,,12,12
1161427,,,,,,UN,,,
1161435,,,,,,UN,,,
1161437,,,,,,UN,,,
1161440,,,,,,NULL,,,
1161452,,,,,,GP,,,
1161458,N,Y,N,N,N,UN,9,,
1161464,N,N,N,N,N,UN,12,,
1161485,,,,,,UN,,,
1161578,,,,,,CP,,,
1161604,,,,,,UN,,,
1161671,N,N,N,N,N,UN,12,,
1161704,N,Y,Y,Y,N,NULL,11,,
1161704,N,Y,Y,Y,N,NULL,11,,
1161729,,,,,,UN,,,
1161742,,,,,,UN,,,
1161749,,,,,,CTP,,,
1161757,,,,,,UN,,,
1161760,,,,,,UN,,,
1161766,,,,,,GP,,12,12
1161773,,,,,,UN,,,
1161783,,,,,,UN,,,
1161784,,,,,,UN,,,
1161816,,,,,,CP,,,
1161824,,,,,,UN,,,
1161831,N,N,N,N,Y,NULL,11,,
1161865,,,,,,UN,,,
1161898,,,,,,UN,,10,12
1024489,N,N,N,,N,UN,,,
1024518,N,N,N,,N,UN,,,
1024833,N,N,N,N,N,UN,,,
1024931,N,N,N,,N,UN,,,
1025196,N,N,N,N,N,UN,,,
1057308,N,N,N,,N,UN,,,
1057684,N,N,N,N,N,UN,,,
1057781,N,N,N,,N,VP,,,
1057884,N,N,N,,N,UN,,,
1058127,N,N,N,N,N,UN,,,
1058738,N,N,N,N,N,UN,,,
1059182,N,N,N,N,N,NULL,,,
1059648,N,Y,N,Y,N,UN,8,,
1157363,,,,,,UN,,,
1157364,,,,,,UN,,,
1157379,,,,,,UN,,,
1157380,,,,,,UN,,,
1157381,,,,,,UN,,,
1157421,,,,,,UN,,,
1157430,,,,,,UN,,,
1157433,,,,,,UN,,,
1157447,,,,,,GP,,,
1157449,N,N,N,N,N,UN,16,,
1157455,,,,,,GP,,,
1157472,,,,,,CP,,,
1157489,,,,,,GP,,14,14
1157518,N,N,N,N,N,UN,12,,
1157542,,,,,,UN,,,
1157545,N,N,N,N,N,UN,12,,
1157621,,,,,,CP,,16,16
1157645,,,,,,UN,,,
1157712,N,N,N,N,N,UN,12,,
1157787,,,,,,UN,,,
1157834,,,,,,UN,,,
1157854,,,,,,CP,,,
1157874,N,Y,N,N,N,NULL,9,,
1157925,,,,,,UN,,,
1158003,,,,,,CP,,,
1158061,,,,,,UN,,,
1158092,,,,,,UN,,,
1158160,,,,,,GP,,,12
1158219,,,,,,UN,,16,16
1158224,,,,,,UN,,,
1158280,,,,,,UN,,16,16
1158281,,,,,,CP,,12,16
1158398,,,,,,OT,,,
1158410,,,,,,CP,,12,9
1158538,,,,,,GP,,12,12
1158541,,,,,,CP,,12,--
1158557,N,N,N,N,N,NULL,9,,
1158563,,,,,,UN,,12,16
1158568,,,,,,CTP,,12,15
1158606,,,,,,CP,,,
1158608,,,,,,CP,,16,15
1158704,,,,,,CP,,--,10
1158733,,,,,,UN,,,
1158734,,,,,,CP,,,
1158735,,,,,,UN,,,
1158816,,,,,,CP,,,
1158817,,,,,,CP,,--,16
1158826,,,,,,CTP,,12,15
1159009,,,,,,UN,,,
1159066,,,,,,CP,,16,15
1159083,N,N,N,N,N,UN,10,,
0076482,N,N,N,,N,GP,,,
0078806,N,N,N,N,N,UN,,,
0078853,N,N,N,N,N,UN,,,
0078938,N,N,N,N,N,UN,,,
0078941,N,N,N,N,N,UN,,,
0078993,N,N,N,,N,UN,,,
0079090,N,N,N,N,N,UN,,,
0079471,N,N,N,,N,GP,,,
0080215,N,N,N,,N,UN,,,
0081379,N,N,N,,N,UN,,,
1018042,N,N,N,,N,UN,,,
1018095,N,N,N,,N,UN,,10,16
1018727,N,N,N,,N,TP,,,
1019369,N,N,N,,N,UN,,,
1019625,N,N,N,,N,UN,,,
1019745,N,N,N,,N,UN,,,
1020290,N,N,N,,N,TUP,,,
1020605,N,N,N,N,N,UN,,,
1020736,N,N,N,,N,CTP,,,
1020956,N,N,N,N,N,UN,,,
1021504,N,N,N,,N,NULL,,,
1021809,N,N,N,,N,UN,,,
1022400,N,N,N,N,N,UN,,,
1022985,N,N,N,,N,NULL,,,
1023400,N,Y,N,N,N,CTP,12,,
1084765,N,N,N,,N,GP,,,
1084877,N,N,N,,N,CTP,,,
1085492,N,N,N,,N,CP,,,
1086108,N,N,N,N,N,UN,,,
1086695,N,N,N,N,N,UN,,,
1087166,N,N,N,,N,TP,,,
1087452,N,N,N,,N,GP,,,
1087708,N,N,N,,N,CTP,,,
1088257,N,N,N,,N,CP,,,
1088649,N,N,Y,N,N,UN,,,
1089062,N,N,N,,N,UN,,,
1089971,N,Y,N,,N,UN,,,
1091539,N,N,N,,N,GP,,,
1124757,,,,,,OT,,,
1124987,,,,,,CTP,,15,12
1125069,,,,,,UN,,,
1125448,,,,,,UN,,11,15
1126690,,,,,,UN,,,
1127484,,,,,,GP,,,
1127535,,,,,,UN,,,
1128106,,,,,,CTP,,,
1128310,,,,,,UN,,,
1128791,N,Y,N,Y,N,NULL,10,,
1129410,,,,,,UN,,,
1129490,,,,,,UN,,,
1130124,,,,,,CP,,,
1130571,,,,,,CP,,,
1131057,,,,,,UN,,,
1131244,,,,,,UN,,,
1149496,,,,,,CP,,14,15
1149677,,,,,,CP,,,
1149731,,,,,,NULL,,,
1149810,,,,,,UN,,,
1149815,,,,,,UN,,,
1149831,,,,,,CP,,,
1150028,,,,,,UN,,,
1150076,,,,,,UN,,12,12
1150112,,,,,,UN,,,
1150114,,,,,,UN,,,
1150142,,,,,,GP,,,
1150322,,,,,,VP,,,
1150356,,,,,,CTP,,,
1150390,,,,,,UN,,,
1150453,,,,,,UN,,,
1150632,,,,,,CTP,,,
1150651,,,,,,UN,,,
1150792,,,,,,CTP,,,
1150879,,,,,,CP,,,
1150885,,,,,,UN,,,
1150918,,,,,,UN,,,
1150994,,,,,,GP,,14,16
1151051,,,,,,UN,,,
1151260,,,,,,UN,,,
1151404,,,,,,UN,,,
1059734,N,N,N,,N,TP,,,
1059798,N,N,N,N,N,UN,,,
1059865,N,N,N,,N,CTP,,,
1059880,N,N,N,,N,UN,9,,
1060328,N,N,N,N,N,UN,,,
1060498,N,N,N,,N,UN,,,
1061306,N,N,N,,N,GP,,12,12
1061494,N,N,N,,N,UN,,12,12
1061548,N,N,N,,N,UN,,,
1061847,N,N,N,N,N,UN,,,
1092243,N,N,N,N,N,UN,,,
1092888,N,N,N,,N,UN,,,
1093356,N,N,N,,N,CP,,,
1095606,N,N,N,,N,GP,,,
1095936,N,N,N,,N,UN,,,
1096049,N,N,N,,N,GP,,,
1096303,N,N,N,,N,CP,,,
1096874,N,N,N,N,N,UN,,,
1097194,N,Y,N,,N,UN,,,
1097194,N,Y,N,,N,UN,,,
1097715,N,N,N,,N,GP,,0,--
1098468,N,Y,N,,N,UN,,,
1098838,N,N,N,,N,UN,,,
1114685,,,,,,CAP,,,
1115165,N,N,N,N,N,CTP,14,17,12
1115430,,,,,,CTP,,,
1115444,,,,,,UN,,,
1115475,,,,,,CP,,14,12
1115638,,,,,,UN,,,
1116219,,,,,,UN,,,
1117172,,,,,,UN,,,
1117747,,,,,,UN,,,
1117857,,,,,,UN,,,
1118044,,,,,,UN,,,
1118682,,,,,,GP,,16,11
1118724,,,,,,UN,,,
1119317,N,N,Y,Y,N,NULL,9,,
1119503,N,N,N,N,Y,NULL,11,,
1119754,,,,,,VP,,12,10
1119805,,,,,,TUP,,,
1119882,,,,,,UN,,,
1119885,,,,,,UN,,,
1120050,,,,,,CTP,,,
1120063,,,,,,CAP,,,
1120079,,,,,,CTP,,,
1121638,,,,,,UN,,,
1121703,,,,,,CAP,,,
1121793,,,,,,UN,,,
1121983,,,,,,UN,,,
1122146,,,,,,UN,,,
1122846,,,,,,UN,,,
1140619,,,,,,UN,,,
1140892,,,,,,UN,,,
1141269,,,,,,UN,,,
1141670,,,,,,UN,,,
1141997,N,Y,Y,Y,N,UN,9,,
1142533,,,,,,UN,,,
1142648,,,,,,CTP,,12,17
1142841,,,,,,CP,,8,9
1143246,,,,,,UN,,,
1143252,,,,,,UN,,,
1143631,,,,,,UN,,,
1143954,,,,,,UN,,,
1144157,,,,,,UN,,,
1144243,,,,,,UN,,,
1144360,,,,,,CP,,12,12
1144913,,,,,,UN,,,
1145039,,,,,,UN,,,
1145129,,,,,,UN,,,
1145376,,,,,,GP,,,
1145587,,,,,,UN,,,
1145653,,,,,,UN,,,
1145735,,,,,,CP,,,
1145752,,,,,,CP,,,
1145788,,,,,,CP,,,
1145821,,,,,,CP,,,
1146130,,,,,,CP,,11,11
1146489,,,,,,CTP,,,
1146489,,,,,,CTP,,,
1146728,,,,,,OT,,13,13
1146917,,,,,,CP,,,
1147010,,,,,,UN,,,
1147188,,,,,,UN,,,
1147428,,,,,,UN,,,
1147489,N,N,N,N,N,UN,11,,
1147845,,,,,,UN,,,
1148115,,,,,,CP,,12,12
1148143,,,,,,UN,,,
1148158,,,,,,CP,,,
1148782,,,,,,UN,,,
1148824,,,,,,TP,,,
1148930,,,,,,UN,,,
1149041,N,N,N,N,N,UN,9,,
1149051,,,,,,UN,,,
1149203,,,,,,UN,,,
1149270,,,,,,UN,,,
1149315,,,,,,UN,,,
1149322,,,,,,CP,,,
1115225,,,,,,UN,,,
1115305,,,,,,CP,,,
1115327,,,,,,UN,,,
1115694,,,,,,UN,,,
1116067,,,,,,UN,,,
1117143,,,,,,CTP,,12,8
1117145,,,,,,UN,,,
1117480,,,,,,CTP,,,
1117520,,,,,,UN,,12,--
1120027,,,,,,UN,,,
1120192,,,,,,GP,,,
1120658,,,,,,UN,,,
1120924,,,,,,CTP,,,
1120924,,,,,,CTP,,,
1122092,N,N,N,Y,N,UN,12,,
1123083,N,Y,N,N,N,UN,10,,
1123232,,,,,,CP,,16,16
1123232,,,,,,CP,,16,16
1123324,N,N,N,N,N,UN,10,,
1140919,,,,,,UN,,,
1141290,N,N,N,N,N,UN,12,,
1141313,N,Y,N,Y,N,NULL,9,,
1141775,,,,,,CP,,,
1141781,,,,,,CP,,,
1141916,,,,,,CP,,,
1141916,,,,,,CP,,,
1141918,,,,,,UN,,,
1141976,,,,,,UN,,,
1143119,,,,,,GP,,12,15
1143420,,,,,,UN,,,
1143546,,,,,,UN,,,
1144049,,,,,,UN,,,
1144059,,,,,,GP,,,
1144161,,,,,,UN,,,
1144252,,,,,,UN,,,
1144831,,,,,,CP,,,
1145157,,,,,,UN,,,
1145178,,,,,,UN,,,
1145204,,,,,,GP,,,
1145205,,,,,,UN,,,
1145536,,,,,,UN,,,
1145730,,,,,,CP,,,
1145732,,,,,,CP,,,
1145770,,,,,,CP,,,
1145800,,,,,,CP,,,
1145802,,,,,,CP,,,
1145811,,,,,,CP,,,
1145842,,,,,,UN,,,
1146178,,,,,,UN,,,
1146528,,,,,,UN,,,
1146747,,,,,,TP,,,
1146795,,,,,,UN,,,
1147164,,,,,,GP,,,
1147281,,,,,,UN,,,
1147377,,,,,,UN,,,
1147729,,,,,,UN,,,
1147815,N,N,N,N,N,UN,15,,
1147817,,,,,,UN,,,
1147841,,,,,,CP,,,
1147931,,,,,,UN,,,
1148025,,,,,,CP,,12,12
1148124,N,N,N,N,N,NULL,11,,
1148367,,,,,,UN,,,
1148684,,,,,,CP,,,
1148732,,,,,,UN,,,
1148815,,,,,,UN,,,
1148848,,,,,,UN,,,
1149064,,,,,,UN,,,
1149100,,,,,,CP,,,
1149233,,,,,,UN,,,
1151521,,,,,,UN,,,
1151712,,,,,,CP,,,
1151910,,,,,,UN,,,
1151982,,,,,,UN,,15,15
1152061,,,,,,UN,,,
1152115,,,,,,UN,,,
1152125,N,N,N,N,N,UN,11,,
1152204,,,,,,UN,,,
1152294,,,,,,UN,,,
1152341,,,,,,CP,,,
1152480,,,,,,UN,,,
1152480,,,,,,UN,,,
1152546,,,,,,CP,,,
1152629,N,N,N,N,N,UN,10,,
1152857,,,,,,UN,,,
1152886,,,,,,UN,,,
1152925,,,,,,UN,,,
1152925,,,,,,UN,,,
1152965,,,,,,UN,,,
1153133,N,N,N,N,N,CP,12,12,12
1153197,N,N,N,N,N,GP,12,,
1153221,,,,,,GP,,,
1153224,,,,,,CP,,,
1153227,,,,,,CP,,,
1153231,,,,,,UN,,16,17
1153326,,,,,,UN,,,
1153433,,,,,,TP,,,
1153434,,,,,,UN,,,
1153439,,,,,,CP,,,
1153444,,,,,,CP,,,
1153671,,,,,,UN,,,
1153672,,,,,,UN,,,
1153674,,,,,,UN,,,
1153678,,,,,,UN,,,
1153681,,,,,,UN,,,
1153683,,,,,,UN,,,
1153690,,,,,,UN,,,
1153691,,,,,,UN,,,
1153696,,,,,,UN,,,
1153697,,,,,,UN,,,
1153705,,,,,,UN,,,
1153794,,,,,,GP,,,
1153855,,,,,,GP,,,
1153856,,,,,,UN,,,
1153876,,,,,,CP,,12,12
1154115,,,,,,UN,,,
1154118,,,,,,UN,,,
1154200,,,,,,GP,,,
1154375,,,,,,UN,,,
1154391,,,,,,UN,,,
1154392,,,,,,UN,,,
1154499,,,,,,CP,,,
1154681,,,,,,UN,,,
1154733,,,,,,UN,,,
1154819,,,,,,CP,,,
1154961,,,,,,UN,,,
1155051,,,,,,GP,,,
1155052,,,,,,CP,,,
1155070,,,,,,UN,,,
1155212,,,,,,UN,,,
1155236,,,,,,UN,,,
1155268,,,,,,UN,,,
1155285,,,,,,CP,,,
1155298,,,,,,CP,,,
1155315,,,,,,GP,,,
1155347,,,,,,VP,,,
1155474,,,,,,CP,,,
1155489,N,N,N,N,N,VP,12,,
1155491,,,,,,GP,,,
1155703,,,,,,UN,,,
1155718,,,,,,UN,,,
1155785,,,,,,UN,,,
1155799,,,,,,UN,,,
1155987,,,,,,UN,,,
1156081,,,,,,UN,,,
1156173,,,,,,UN,,,
1156265,,,,,,UN,,,
1156279,,,,,,UN,,,
1156299,,,,,,UN,,,
1156402,,,,,,CP,,,
1156420,,,,,,CP,,,
1156459,,,,,,UN,,,
1156469,,,,,,UN,,,
1156506,,,,,,GP,,,
1156568,,,,,,UN,,,
1156584,,,,,,UN,,,
1156586,,,,,,UN,,,
1159086,,,,,,UN,,,
1159140,,,,,,UN,,12,15
1159145,,,,,,UN,,14,15
1159159,,,,,,CP,,15,15
1159193,N,N,N,N,N,NULL,10,,
1159223,,,,,,GP,,12,12
1159226,,,,,,UN,,12,12
1159288,,,,,,CTP,,,
1159319,,,,,,UN,,,
1159338,,,,,,CP,,15,
1159338,,,,,,CP,,15,
1159390,,,,,,UN,,,
1159485,N,N,N,N,N,UN,9,,
1159534,,,,,,UN,,15,12
1159535,,,,,,GP,,,
1159604,,,,,,UN,,,
1159644,,,,,,VP,,14,16
1159644,,,,,,VP,,14,16
1159689,,,,,,UN,,,
1159689,,,,,,UN,,,
1159734,,,,,,GP,,6,12
1159805,,,,,,UN,,,
1159806,,,,,,GP,,,
1159846,,,,,,UN,,,
1159874,,,,,,UN,,12,16
1159875,,,,,,UN,,,
1159888,,,,,,UN,,,
1159892,,,,,,CP,,,
1159906,,,,,,UN,,,
1159908,,,,,,UN,,,
1159936,,,,,,UN,,,
1159937,,,,,,UN,,,
1159938,,,,,,UN,,,
1159953,,,,,,UN,,,
1159954,,,,,,UN,,,
1159956,,,,,,UN,,,
1159985,,,,,,UN,,,
1160004,,,,,,UN,,,
1160009,,,,,,UN,,,
1160010,,,,,,UN,,,
1160010,,,,,,UN,,,
1160016,,,,,,UN,,,
1160017,,,,,,UN,,,
1160070,,,,,,UN,,,
1160085,,,,,,UN,,,
1160086,,,,,,UN,,,
1160088,,,,,,UN,,,
1160148,,,,,,CP,,17,17
1160148,,,,,,CP,,17,17
1160196,,,,,,UN,,,
1160197,,,,,,CP,,,
1160223,,,,,,UN,,,
1160225,,,,,,UN,,,
1160325,,,,,,UN,,,
1160327,,,,,,UN,,,
1160328,,,,,,UN,,,
1160340,,,,,,UN,,,
1160341,,,,,,UN,,,
1160342,,,,,,UN,,,
1160359,,,,,,UN,,,
1160378,,,,,,UN,,,
1160381,,,,,,UN,,12,15
1160464,,,,,,UN,,,
1160478,,,,,,UN,,,
1160483,,,,,,UN,,,
1160508,,,,,,CP,,12,12
1160509,,,,,,UN,,12,10
1160522,,,,,,UN,,,
1160564,,,,,,CP,,,
1160582,N,N,N,N,N,VP,12,12,15
1160584,,,,,,UN,,,
1160635,N,N,N,N,N,NULL,9,,
1160643,,,,,,UN,,,
1160660,,,,,,CP,,17,17
1160702,,,,,,CP,,,
1160782,,,,,,UN,,,
1160783,,,,,,UN,,,
1160918,,,,,,CTP,,12,15
1160930,,,,,,GP,,,
1161042,,,,,,UN,,,
1161044,,,,,,UN,,,
1161058,,,,,,CP,,,
1161059,,,,,,GP,,,
1161110,,,,,,UN,,,
1161137,,,,,,UN,,,
1161139,,,,,,UN,,,
1161173,,,,,,CP,,15,12
1161228,,,,,,UN,,,
1161238,,,,,,UN,,,
1161243,,,,,,VP,,14,16
1161243,,,,,,VP,,14,16
1161260,N,N,N,N,N,NULL,12,,
1161272,,,,,,UN,,,
1161285,,,,,,UN,,,
1161286,,,,,,UN,,,
1161288,,,,,,UN,,,
1161296,,,,,,UN,,12,12
1161303,,,,,,GP,,9,12
1161304,,,,,,UN,,16,16
1161398,,,,,,CP,,16,12
1161398,,,,,,CP,,16,12
1161400,,,,,,CP,,,
1161439,,,,,,UN,,,
1161441,,,,,,UN,,,
1161444,,,,,,UN,,,
1161469,,,,,,GP,,15,16
1161481,,,,,,GP,,12,12
1161494,,,,,,CP,,16,17
1161521,,,,,,CP,,,
1161568,,,,,,UN,,,
1161569,,,,,,UN,,,
1161570,,,,,,UN,,,
1161584,,,,,,CP,,,
1161598,,,,,,UN,,,
1161607,N,N,N,N,N,UN,10,,
1161678,,,,,,UN,,,
1161722,,,,,,UN,,,
1161725,,,,,,UN,,,
1161746,,,,,,UN,,,
1161769,N,N,N,N,N,NULL,11,,
1161771,N,N,N,N,N,NULL,10,,
1161843,,,,,,UN,,,
1161851,,,,,,UN,,,
1161891,,,,,,UN,,,
1161904,,,,,,CP,,15,15
1161907,,,,,,UN,,,
1058039,N,N,N,Y,N,UN,15,,
1058923,N,N,Y,,N,CP,,12,15
1059333,N,N,N,Y,N,UN,,,
1059464,N,N,N,,N,CP,,,
1059686,N,N,N,,N,UN,,,
1059743,N,Y,N,N,N,UN,10,12,10
1060076,N,N,N,,N,CP,,,
1060409,N,N,N,,N,UN,,,
1060573,N,N,N,,N,GP,,,
1061072,N,N,N,,N,NULL,,,
1061101,N,N,N,,N,UN,,,
1062472,N,N,N,N,N,UN,,,
1093027,N,N,N,N,N,CP,,,
1093028,N,N,N,N,N,UN,,,
1093531,N,N,N,,N,CP,,,
1093924,N,N,N,N,N,UN,,,
1093926,N,N,N,,N,CTP,,,
1094306,N,N,N,,N,GP,,,
1095397,N,Y,N,,N,UN,,,
1095430,N,N,N,N,N,UN,8,,
1095612,N,N,N,,N,CP,,,
1095916,N,N,N,,N,UN,,,
1096247,N,N,N,,N,UN,,,
1096465,N,N,N,,N,UN,,,
1096791,N,N,N,,N,GP,,,
1098110,N,N,N,,N,UN,,,
1098281,N,N,N,,N,VP,,,
1114366,N,N,N,Y,N,UN,16,,
1115011,N,N,N,N,N,UN,11,,
1115354,,,,,,CTP,,,
1116155,,,,,,NULL,,,
1116214,N,N,N,Y,N,NULL,12,,
1117486,N,N,N,N,N,UN,10,,
1117530,,,,,,UN,,,
1118091,,,,,,CP,,,
1118795,,,,,,UN,,,
1119767,,,,,,CTP,,,
1119769,,,,,,UN,,,
1119797,,,,,,CTP,,12,15
1119797,,,,,,CTP,,12,15
1119994,N,Y,N,N,N,UN,10,,
1120033,,,,,,CP,,,
1120794,,,,,,UN,,,
1121176,,,,,,UN,,,
1121335,,,,,,UN,,,
1121438,,,,,,UN,,,
1121781,,,,,,UN,,,
1122698,,,,,,UN,,,
1123190,,,,,,UN,,,
1140848,,,,,,GP,,,
1140850,N,Y,N,N,N,UN,9,,
1140937,,,,,,UN,,,
1141802,,,,,,CP,,,
1142394,,,,,,UN,,,
1142572,,,,,,GP,,,
1142634,,,,,,UN,,,
1143350,,,,,,UN,,,
1143559,,,,,,UN,,,
1143702,,,,,,UN,,,
1143741,,,,,,CP,,,
1143791,,,,,,UN,,,
1144051,,,,,,OT,,15,12
1144126,,,,,,CP,,10,--
1144155,,,,,,UN,,,
1144223,N,Y,N,N,N,UN,8,,
1144305,,,,,,CP,,,
1144503,,,,,,UN,,,
1144556,,,,,,UN,,,
1144594,,,,,,GP,,,
1144878,,,,,,GP,,,
1145035,,,,,,UN,,,
1145080,,,,,,UN,,,
1145138,,,,,,UN,,,
1145158,,,,,,UN,,,
1145171,,,,,,UN,,,
1145426,,,,,,UN,,,
1145428,,,,,,UN,,,
1145727,,,,,,CP,,,
1145786,,,,,,CP,,,
1145921,,,,,,CP,,6,12
1146045,,,,,,UN,,,
1146149,,,,,,CP,,12,12
1146166,,,,,,CP,,,
1146233,,,,,,UN,,,
1146641,,,,,,UN,,,
1146647,,,,,,UN,,12,12
1146660,,,,,,UN,,,
1146710,,,,,,UN,,,
1146864,,,,,,UN,,,
1146943,,,,,,UN,,,
1147007,,,,,,UN,,,
1147293,,,,,,CP,,,
1147509,,,,,,UN,,,
1147550,,,,,,UN,,,
1147686,,,,,,CP,,,
1147719,N,N,N,N,N,UN,12,,
1147723,,,,,,CTP,,,
1147822,,,,,,CTP,,0,12
1148172,,,,,,CP,,17,17
1148669,,,,,,CP,,,
1148775,N,Y,N,N,N,UN,12,,
1148950,N,N,N,Y,N,NULL,9,,
1149212,,,,,,UN,,,
1149250,,,,,,UN,,,
1159952,,,,,,UN,,,
1159955,,,,,,UN,,,
1159957,,,,,,UN,,,
1160005,,,,,,UN,,,
1160012,,,,,,UN,,,
1160015,,,,,,UN,,,
1160140,,,,,,UN,,12,16
1160195,,,,,,UN,,,
1160291,,,,,,UN,,12,15
1160303,,,,,,UN,,15,12
1160321,,,,,,UN,,,
1160432,,,,,,UN,,,
1160440,,,,,,CP,,15,17
1160459,,,,,,GP,,12,12
1160465,,,,,,UN,,,
1160510,,,,,,UN,,12,12
1160526,,,,,,CP,,16,16
1160526,,,,,,CP,,16,16
1160563,N,N,N,N,N,OT,10,17,16
1160590,,,,,,UN,,,
1160604,,,,,,CP,,,
1160606,,,,,,CP,,16,15
1160634,N,Y,N,N,N,NULL,11,,
1160655,,,,,,UN,,,
1160723,,,,,,CP,,13,15
1160784,,,,,,UN,,,
1160885,,,,,,UN,,,
1160920,,,,,,GP,,6,9
1161045,,,,,,UN,,,
1161047,,,,,,UN,,,
1161091,,,,,,UN,,17,16
1161108,,,,,,GP,,,
1161138,,,,,,UN,,,
1161141,,,,,,UN,,,
1161142,,,,,,UN,,,
1161144,,,,,,UN,,,
1161151,,,,,,CP,,,
1161155,,,,,,OT,,,
1161189,,,,,,UN,,9,12
1161191,N,N,N,N,N,NULL,11,,
1161194,,,,,,UN,,,
1161233,,,,,,UN,,,
1161289,,,,,,UN,,,
1161293,,,,,,UN,,,
1161300,,,,,,UN,,,
1161300,,,,,,UN,,,
1161328,,,,,,UN,,15,12
1161388,,,,,,GP,,12,12
1161404,,,,,,UN,,11,11
1161421,,,,,,UN,,,
1161426,,,,,,UN,,,
1161438,,,,,,UN,,,
1161442,,,,,,UN,,,
1161451,,,,,,GP,,,
1161453,,,,,,UN,,,
1161477,,,,,,UN,,,
1161508,,,,,,UN,,,
1161579,,,,,,VP,,15,15
1161609,,,,,,OT,,10,12
1161694,,,,,,UN,,,
1161703,,,,,,UN,,,
1161768,,,,,,CP,,12,15
1161825,,,,,,GP,,,
1161832,,,,,,GP,,,
1161844,,,,,,GP,,,
1024025,N,N,N,,N,UN,,,
1024244,N,N,N,N,N,CP,,,
1024841,N,N,N,,N,CTP,16,,
1057342,N,N,N,,N,VP,,,
1058118,N,N,N,N,N,UN,,,
1058743,N,N,N,N,N,UN,,,
1059282,N,N,N,N,N,UN,10,,
1059317,N,N,N,,N,UN,,,
1059468,N,Y,N,,N,UN,,,
1061477,N,N,N,N,N,UN,,,
1061631,N,N,N,N,N,UN,,,
1061651,N,N,N,N,N,UN,,,
1062239,N,N,N,,N,GP,,12,12
1093146,N,N,N,N,N,UN,,,
1093426,N,N,N,,N,UN,,,
1093900,N,N,N,N,N,UN,,,
1094015,N,Y,N,Y,N,UN,8,,
1094114,N,N,N,,N,UN,,,
1096523,N,N,N,N,N,NULL,9,,
1096532,N,N,N,,N,UN,,,
1097265,N,N,N,,N,CP,,,
1097718,N,N,N,N,N,UN,,,
1098283,N,N,N,,N,GP,,,
1098329,N,N,N,N,N,NULL,,,
1098386,N,Y,N,N,N,UN,15,,
1114865,N,N,N,Y,Y,NULL,6,,
1115127,,,,,,UN,,,
1116266,N,N,Y,N,N,UN,9,,
1116518,N,N,N,N,N,NULL,12,,
1117397,N,Y,N,N,N,UN,11,,
1117476,,,,,,CTP,,,
1117513,N,Y,N,Y,N,UN,11,,
1117516,,,,,,UN,,12,16
1117641,N,N,N,N,N,UN,10,,
1117844,,,,,,UN,,,
1117856,,,,,,UN,,,
1117883,,,,,,UN,,,
1118216,,,,,,VP,,,
1118427,,,,,,GP,,,
1118540,,,,,,CP,,,
1118954,,,,,,GP,,15,16
1119794,,,,,,UN,,,
1119933,,,,,,UN,,,
1120076,N,Y,N,N,N,CTP,12,,
1120207,,,,,,UN,,,
1120254,,,,,,GP,,,
1121453,,,,,,OT,,12,12
1122434,,,,,,VP,,,
1122681,,,,,,UN,,,
1122736,,,,,,UN,,,
1122751,,,,,,UN,,,
1122884,,,,,,CAP,,,
1122921,,,,,,NULL,,,
1140504,,,,,,UN,,,
1140655,,,,,,CP,,,
1140759,N,N,N,N,N,UN,12,,
1140818,,,,,,CP,,8,6
1140903,,,,,,UN,,,
1141009,,,,,,UN,,,
1141119,,,,,,CP,,,
1141383,N,Y,N,N,N,UN,--,,
1141578,,,,,,CP,,,
1141614,,,,,,GP,,,
1142042,,,,,,CTP,,,
1142087,,,,,,UN,,,
1142594,,,,,,GP,,12,12
1142671,,,,,,UN,,,
1143026,,,,,,UN,,,
1143062,,,,,,UN,,,
1143073,,,,,,UN,,,
1143255,,,,,,CTP,,,
1143385,,,,,,CP,,,
1144045,,,,,,CP,,,
1144148,,,,,,UN,,,
1144158,,,,,,UN,,,
1144590,,,,,,OT,,,
1144705,,,,,,UN,,,
1144762,,,,,,CTP,,,
1144901,,,,,,UN,,,
1144912,,,,,,CP,,,
1145081,N,Y,N,N,N,UN,10,,
1145319,,,,,,UN,,,
1145480,,,,,,GP,,,
1145586,,,,,,UN,,,
1145745,,,,,,CP,,,
1145761,,,,,,CP,,,
1145774,,,,,,CP,,,
1145783,,,,,,CP,,,
1145789,,,,,,CP,,,
1145844,,,,,,UN,,,
1146365,,,,,,CP,,,
1147009,,,,,,UN,,,
1147126,,,,,,GP,,,
1147171,,,,,,UN,,,17
1147272,,,,,,UN,,,
1147510,,,,,,UN,,,
1147510,,,,,,UN,,,
1147850,,,,,,UN,,,
1147892,,,,,,CP,,16,16
1147892,,,,,,CP,,16,16
1148326,,,,,,UN,,,
1148448,,,,,,CP,,,
1148514,,,,,,UN,,,
1148631,,,,,,GP,,12,12
1148740,,,,,,UN,,,
1148759,,,,,,UN,,8,11
1148778,,,,,,CP,,,
1148791,,,,,,UN,,,
1148890,,,,,,GP,,,
1148995,,,,,,UN,,,
1149021,,,,,,OT,,,
1149044,,,,,,UN,,,
1149141,,,,,,UN,,,
1149194,,,,,,CP,,,
1149263,,,,,,UN,,,
1149321,,,,,,GP,,,
